CITY,LAT,LON,11-Mar,11-Apr,11-May,11-Jun,11-Jul,11-Aug,11-Sep,11-Oct,11-Nov,11-Dec,12-Jan,12-Feb,12-Mar,12-Apr,12-May,12-Jun,12-Jul,12-Aug,12-Sep,12-Oct,12-Nov,12-Dec,13-Jan,13-Feb,13-Mar,13-Apr,13-May,13-Jun,13-Jul,13-Aug,13-Sep,13-Oct,13-Nov,13-Dec,14-Jan,14-Feb,14-Mar,14-Apr,14-May,14-Jun,14-Jul,14-Aug,14-Sep,14-Oct,14-Nov,14-Dec,15-Jan,15-Feb,15-Mar,15-Apr,15-May,15-Jun,15-Jul,15-Aug,15-Sep,15-Oct,15-Nov,15-Nov,15-Nov,16-Jan,16-Feb,16-Feb,16-Apr,16-May,16-Jun,16-Aug,16-Sep,16-Nov,16-Dec,17-Jan,17-Mar,17-Mar,17-Apr,17-May,17-Jun,17-Jul,17-Jul,17-Sep,17-Sep,17-Oct,17-Oct,17-Oct,17-Nov,17-Nov,17-Nov,17-Nov,17-Dec,17-Dec,17-Dec,17-Dec,18-Jan,18-Feb,18-Feb,18-Feb,18-Feb,18-Mar,18-Mar,18-Mar,18-Mar,18-Mar,18-Apr,18-Apr,18-Apr,18-May,18-May,18-May,18-May,18-Jun,18-Jun,18-Jun,18-Jun,18-Jul,18-Jul,18-Jul,18-Jul,18-Aug,18-Aug,18-Aug,18-Aug,18-Sep,18-Sep,18-Sep,18-Sep,18-Oct,18-Oct,18-Oct,18-Oct,18-Nov,18-Nov,18-Nov,18-Nov,18-Nov,18-Dec,18-Dec,18-Dec,18-Dec,19-Jan,19-Jan,19-Jan,19-Jan,19-Feb,19-Mar,19-Mar,19-Mar,19-Apr,19-Apr,19-Apr,19-May,19-May,19-May,19-Jun,19-Jul,19-Jul,19-Aug,19-Aug,19-Aug,19-Sep,19-Sep,19-Sep,19-Sep,19-Oct,19-Oct,19-Oct,19-Oct,19-Nov,19-Nov,19-Nov,19-Nov,19-Dec,19-Dec,19-Dec,20-Jan,20-Jan,20-Jan,20-Jan,20-Feb,20-Feb,20-Mar,20-Mar,20-Mar,20-Apr,20-Apr,20-Apr,20-May,20-May,20-Jun,20-Jul,20-Jul,20-Aug,20-Sep,20-Oct,20-Nov,20-Nov,20-Dec,20-Dec,20-Dec,
Adana,36.98451447,35.33368253,0,0,0,0,0,0,0,0,0,0,0,0,0,0,0,0,0,0,0,0,0,0,0,0,0,0,0,0,0,0,0,0,0,0,-5068,-5068,-5068,-5068,-11800,-18341,-18341,-18341,-43880,-47814,-64683,-74580,-81600,-83600,-86300,-86300,-86300,-86300,-86300,-86300,-86300,-86300,-86300,-86300,-129839,-135672,-140852,-144976,-150098,-150728,-149942,-149354,-149220,-149043,-148990,-149625,-149821,-150330,-153490,-157402,-160765,-164790,-165974,-166216,-165028,-164415,-164536,-164590,-165004,-165496,-166020,-167332,-168187,-169152,-170362,-171685,-177549,-180760,-183980,-187366,-188023,-188712,-189538,-190472,-191564,-192542,-193575,-195430,-196288,-198811,-199640,-200600,-202676,-203575,-204200,-209855,-214672,-217403,-219155,-219848,-220595,-221325,-222232,-223026,-223026,-223713,-224364,-225220,-226022,-226733,-226994,-227066,-227027,-227070,-227254,-227726,-228412,-228976,-229886,-230610,-231444,-232315,-233806,-234315,-234620,-234940,-235434,-235434,-237830,-238391,-236901,-236362,-235732,-236057,-236695,-237280,-240752,-240752,-240376,-239510,-238914,-238556,-238234,-238474,-238621,-238736,-239033,-239258,-239518,-240178,-240310,-240410,-240835,-241230,-242120,-243101,-243413,-243824,-252616,-243933,-244214,-244677,-245484,-246043,-246462,-246223,-246086,-246027,-246011,-245951,-245891,-247421,-248374,-248643,-248817,-249003,-250200,-250830,-251004,-251194,-251882,-252169,
Adiyaman,37.76600916,38.27676222,0,0,0,0,0,0,0,0,0,0,0,0,0,0,0,0,0,0,0,0,0,0,0,0,0,0,0,0,0,0,0,0,0,0,-202,-480,-480,-480,-1530,-2316,-2316,-2316,-3167,-3167,-3167,-6239,-6239,-6982,-7627,-7627,-7627,-7627,-7627,-7627,-7627,-7627,-7627,-7627,-22960,-23043,-23379,-23701,-24242,-24351,-24127,-24011,-24077,-24181,-24338,-24972,-25502,-25631,-26043,-26378,-26589,-27004,-27113,-27197,-27220,-27236,-27263,-27285,-27339,-27407,-27482,-27585,-27653,-27775,-27988,-28160,-28620,-28943,-29436,-29548,-29613,-29562,-29546,-29522,-29491,-29522,-29443,-29482,-29454,-29548,-29609,-29669,-29688,-29657,-29643,-29622,-29592,-29594,-29611,-29635,-29633,-29665,-29648,-29613,-29613,-29603,-29400,-29198,-28891,-28779,-28587,-28341,-28128,-28106,-28071,-27996,-27899,-27815,-27718,-27578,-27490,-27465,-27383,-27166,-27171,-27100,-27088,-27088,-24761,-24745,-24636,-24589,-24476,-24438,-24391,-24477,-25188,-25188,-25549,-25890,-25946,-25987,-26025,-26039,-26031,-26012,-26003,-26013,-26006,-26041,-26036,-26005,-25984,-26004,-26025,-20970,-21016,-21137,-22225,-21280,-21348,-21454,-21531,-21629,-21688,-21700,-21715,-21720,-21751,-21789,-21793,-21883,-21959,-21974,-22021,-22095,-22149,-22132,-22144,-22173,-22200,-22228,
Afyonkarahisar,38.75811822,30.53684764,0,0,0,0,0,0,0,0,0,0,0,0,0,0,0,0,0,0,0,0,0,0,0,0,0,0,0,0,0,0,0,0,0,0,0,0,0,0,0,0,0,0,0,0,0,0,0,0,0,0,0,0,0,0,0,0,0,0,-2269,-2588,-2744,-2911,-3119,-3201,-3363,-3466,-3637,-3854,-4026,-4257,-4549,-4664,-4665,-4707,-4801,-4949,-5021,-5250,-5330,-5352,-5371,-5384,-5426,-5452,-5488,-5557,-5605,-5657,-5723,-5798,-5861,-5861,-5878,-5881,-5877,-5885,-5896,-5916,-5912,-5943,-5973,-6005,-6007,-6027,-6046,-6054,-3628,-3675,-3620,-3697,-3812,-3927,-3998,-4043,-4097,-4290,-4437,-4507,-4507,-4702,-4805,-4920,-4985,-5031,-5105,-5175,-5207,-5245,-5296,-5331,-5397,-5461,-5512,-5577,-5602,-5641,-5698,-5745,-5776,-5847,-5925,-5925,-6181,-6261,-6274,-6297,-6399,-6541,-6643,-6707,-7282,-7282,-7383,-7510,-7568,-7638,-7684,-7774,-7858,-7889,-8025,-8121,-8239,-8332,-8433,-8529,-8611,-8721,-8883,-9121,-9145,-9198,-11152,-9312,-9383,-9473,-9636,-9698,-9815,-9806,-9805,-9811,-9821,-9850,-9851,-10224,-10304,-10322,-10489,-10648,-10778,-10852,-10870,-10901,-11007,-11040,
Agri,39.71944314,43.05036198,0,0,0,0,0,0,0,0,0,0,0,0,0,0,0,0,0,0,0,0,0,0,0,0,0,0,0,0,0,0,0,0,0,0,0,0,0,0,0,0,0,0,0,0,0,0,0,0,0,0,0,0,0,0,0,0,0,0,-753,-814,-818,-845,-871,-826,-819,-815,-843,-867,-856,-861,-908,-916,-945,-983,-990,-1041,-1059,-1078,-1083,-1086,-1091,-1097,-1102,-1092,-1086,-1082,-1087,-1083,-1083,-1083,-1121,-1126,-1135,-1136,-1137,-1132,-1133,-1125,-1132,-1136,-1128,-1125,-1126,-1141,-1144,-1148,-1150,-1147,-1139,-741,-772,-799,-814,-826,-863,-897,-912,-921,-921,-924,-930,-928,-939,-949,-958,-966,-963,-965,-985,-989,-999,-998,-1003,-1002,-1006,-1012,-1018,-1031,-1037,-1038,-1040,-1040,-1038,-1041,-1038,-1036,-1032,-1031,-1033,-1034,-1047,-1047,-1068,-1066,-1069,-1077,-1076,-1090,-1092,-1094,-1104,-1100,-1100,-1107,-1109,-1110,-1115,-1114,-1111,-1118,-1119,-1119,-1201,-1117,-1117,-1117,-1124,-1131,-1127,-1128,-1128,-1128,-1130,-1139,-1139,-1143,-1157,-1158,-1168,-1188,-1184,-1187,-1189,-1191,-1203,-1206,
Aksaray,38.37134316,34.02709787,0,0,0,0,0,0,0,0,0,0,0,0,0,0,0,0,0,0,0,0,0,0,0,0,0,0,0,0,0,0,0,0,0,0,0,0,0,0,0,0,0,0,0,0,0,0,0,0,0,0,0,0,0,0,0,0,0,0,-503,-623,-716,-768,-856,-956,-965,-1012,-1038,-1085,-1116,-1193,-1397,-1487,-1539,-1565,-1590,-1590,-1668,-1903,-1992,-2034,-2055,-2075,-2105,-2132,-2148,-2183,-2202,-2230,-2248,-2279,-2345,-2377,-2418,-2486,-2492,-2497,-2521,-2530,-2549,-2563,-2575,-2617,-2625,-2652,-2671,-2689,-2691,-2703,-2695,-1913,-1963,-2062,-2109,-2154,-2251,-2318,-2382,-2434,-2434,-2510,-2557,-2575,-2587,-2612,-2624,-2654,-2657,-2673,-2670,-2675,-2695,-2682,-2693,-2704,-2706,-2703,-2709,-2704,-2703,-2695,-2694,-2694,-2782,-2799,-2807,-2821,-2861,-2888,-2903,-2904,-2973,-2973,-2978,-2985,-3004,-3026,-3059,-3065,-3068,-3076,-3090,-3098,-3097,-3148,-3156,-3156,-3161,-3172,-3197,-3236,-3241,-3283,-3681,-3292,-3302,-3362,-3473,-3575,-3624,-3625,-3623,-3625,-3632,-3634,-3634,-3663,-3652,-3638,-3650,-3658,-3665,-3670,-3670,-3678,-3681,-3678,
Amasya,40.65100329,35.83337503,0,0,0,0,0,0,0,0,0,0,0,0,0,0,0,0,0,0,0,0,0,0,0,0,0,0,0,0,0,0,0,0,0,0,0,0,0,0,0,0,0,0,0,0,0,0,0,0,0,0,0,0,0,0,0,0,0,0,-60,-139,-147,-147,-156,-166,-179,-183,-183,-196,-206,-221,-239,-244,-250,-265,-287,-321,-338,-483,-546,-557,-563,-582,-591,-586,-585,-585,-588,-586,-586,-586,-565,-565,-562,-573,-576,-582,-582,-569,-570,-570,-566,-576,-577,-578,-599,-617,-618,-621,-621,-456,-465,-466,-471,-480,-495,-496,-515,-528,-528,-544,-546,-560,-579,-576,-597,-597,-608,-614,-622,-628,-648,-655,-658,-663,-670,-675,-685,-684,-685,-685,-683,-683,-686,-679,-677,-677,-690,-696,-688,-696,-730,-730,-731,-731,-739,-744,-749,-751,-742,-742,-754,-762,-783,-788,-791,-792,-794,-794,-793,-798,-806,-807,-998,-816,-823,-828,-842,-853,-855,-856,-858,-858,-859,-865,-865,-874,-882,-890,-904,-924,-972,-986,-996,-1002,-1008,-1003,
Ankara,39.92979428,32.85291525,0,0,0,0,0,0,0,0,0,0,0,0,0,0,0,0,0,0,0,0,0,0,0,0,0,0,0,0,0,0,0,0,0,0,0,0,0,0,0,0,0,0,0,0,0,0,0,0,0,0,0,0,0,0,0,0,0,0,-45926,-51428,-54659,-57055,-59265,-59701,-59475,-59502,-60803,-62608,-64042,-67965,-72120,-73117,-73838,-75010,-76732,-79729,-80764,-84139,-86750,-87794,-88739,-89761,-91173,-91588,-91991,-92482,-92639,-92848,-93269,-93793,-95339,-95270,-95331,-95332,-95344,-95377,-95588,-95713,-95903,-96169,-96454,-97352,-97719,-98280,-98441,-98643,-98731,-98831,-98854,-94065,-90103,-84829,-81403,-80099,-78165,-80037,-80677,-81312,-81312,-84916,-85164,-85422,-85608,-85815,-85987,-86153,-86211,-86317,-86589,-86876,-87147,-87340,-87553,-87757,-88113,-88373,-88597,-88855,-89101,-89324,-89490,-89490,-90652,-90911,-90773,-90751,-90829,-91183,-91312,-91422,-92947,-92947,-93120,-93292,-93465,-93565,-93731,-93781,-93930,-94069,-94284,-94433,-94599,-94816,-94836,-94944,-95057,-95213,-95624,-95933,-96011,-96107,-99835,-95993,-96124,-96195,-96036,-95998,-96451,-96459,-96466,-96466,-96541,-96620,-96634,-96989,-97414,-97513,-97741,-98213,-98794,-99104,-99203,-99332,-99602,-99706,
Antalya,36.88908647,30.70400934,0,0,0,0,0,0,0,0,0,0,0,0,0,0,0,0,0,0,0,0,0,0,0,0,0,0,0,0,0,0,0,0,0,0,0,0,0,0,0,0,0,0,0,0,0,0,0,0,0,0,0,0,0,0,0,0,0,0,-59,-94,-93,-102,-141,-161,-192,-228,-258,-298,-323,-298,-400,-401,-403,-406,-412,-457,-461,-506,-512,-513,-515,-523,-534,-541,-547,-558,-563,-563,-563,-563,-624,-627,-631,-631,-648,-652,-657,-677,-713,-719,-770,-818,-831,-853,-869,-913,-1022,-1037,-1059,-956,-968,-990,-1022,-1051,-1079,-1095,-1109,-1150,-1150,-1194,-1205,-1232,-1262,-1263,-1267,-1272,-1281,-1290,-1330,-1338,-1351,-1389,-1404,-1431,-1475,-1502,-1527,-1553,-1565,-1586,-1592,-1592,-1645,-1650,-1647,-1652,-1672,-1692,-1709,-1714,-1783,-1783,-1786,-1800,-1801,-1812,-1807,-1815,-1816,-1816,-1824,-1833,-1841,-1863,-1874,-1884,-1897,-1910,-1940,-1962,-1976,-1963,-2745,-2000,-2004,-2017,-2101,-2201,-2199,-2204,-2206,-2212,-2235,-2263,-2263,-2354,-2406,-2412,-2448,-2503,-2542,-2582,-2592,-2627,-2692,-2729,
Ardahan,41.11365646,42.7013905,0,0,0,0,0,0,0,0,0,0,0,0,0,0,0,0,0,0,0,0,0,0,0,0,0,0,0,0,0,0,0,0,0,0,0,0,0,0,0,0,0,0,0,0,0,0,0,0,0,0,0,0,0,0,0,0,0,0,-33,-41,-41,-41,-60,-52,-52,-52,-66,-67,-68,-76,-98,-98,-100,-105,-113,-123,-123,-130,-130,-130,-130,-130,-135,-140,-145,-146,-147,-147,-147,-147,-151,-151,-151,-151,-151,-151,-151,-151,-153,-153,-153,-153,-159,-161,-161,-87,-91,-93,-107,-105,-106,-107,-109,-114,-115,-124,-125,-127,-127,-131,-132,-132,-134,-135,-136,-141,-142,-142,-142,-145,-144,-145,-146,-147,-148,-147,-149,-143,-144,-144,-145,-145,-139,-137,-137,-137,-137,-128,-135,-135,-122,-122,-122,-122,-121,-121,-119,-122,-123,-123,-124,-125,-125,-125,-118,-118,-121,-121,-121,-118,-118,-118,-118,-118,-118,-118,-116,-115,-117,-118,-118,-118,-120,-120,-120,-121,-117,-116,-111,-111,-117,-118,-117,-117,-118,-118,
Artvin,41.18111974,41.82084914,0,0,0,0,0,0,0,0,0,0,0,0,0,0,0,0,0,0,0,0,0,0,0,0,0,0,0,0,0,0,0,0,0,0,0,0,0,0,0,0,0,0,0,0,0,0,0,0,0,0,0,0,0,0,0,0,0,0,-42,-41,-41,-41,-37,-42,-42,-41,-40,-40,-40,-40,-40,-40,-40,-41,-43,-45,-45,-47,-47,-47,-50,-54,-54,-56,-56,-60,-60,-60,-60,-60,-67,-67,-66,-66,-66,-65,-58,-59,-61,-61,-61,-60,-60,-60,-60,-33,-33,-33,-33,-34,-36,-36,-36,-36,-37,-37,-42,-42,-42,-42,-42,-42,-42,-43,-43,-43,-43,-43,-43,-43,-43,-40,-40,-40,-40,-39,-39,-39,-39,-39,-39,-39,-40,-40,-39,-38,-36,-35,-35,-35,-35,-35,-35,-35,-35,-35,-35,-35,-35,-34,-34,-37,-37,-37,-37,-37,-37,-37,-37,-37,-37,-37,-41,-37,-37,-37,-37,-38,-37,-37,-37,-37,-37,-37,-37,-38,-38,-38,-38,-38,-41,-41,-41,-41,-40,-40,
Aydin,37.84879244,27.84343113,0,0,0,0,0,0,0,0,0,0,0,0,0,0,0,0,0,0,0,0,0,0,0,0,0,0,0,0,0,0,0,0,0,0,0,0,0,0,0,0,0,0,0,0,0,0,0,0,0,0,0,0,0,0,0,0,0,0,-5514,-5796,-6056,-6229,-6481,-6525,-6565,-6649,-6741,-6942,-7041,-7539,-7835,-7982,-8059,-8169,-8296,-8724,-8931,-9191,-9277,-9300,-9320,-9351,-9411,-9486,-9566,-9823,-10000,-10123,-10184,-10323,-10429,-10461,-10497,-10569,-10617,-10650,-10698,-10759,-10835,-10889,-10945,-11059,-11077,-11167,-11225,-11278,-11291,-11327,-11341,-11367,-11392,-11440,-11463,-11486,-11539,-11563,-10290,-8673,-8673,-6979,-7027,-7068,-7108,-7142,-7176,-7222,-7255,-7300,-7323,-7367,-7394,-7466,-7475,-7518,-7556,-7564,-7575,-7583,-7550,-7574,-7605,-7605,-7552,-7611,-7607,-7612,-7650,-7700,-7708,-7719,-7957,-7957,-7922,-7940,-7957,-7960,-7983,-8002,-7999,-8003,-8014,-8012,-8014,-7979,-7983,-7991,-8000,-8004,-8010,-7800,-7809,-7809,-8005,-7786,-7793,-7828,-7810,-7826,-7849,-7853,-7839,-7827,-7843,-7861,-7861,-7897,-7935,-7953,-7956,-7958,-7939,-7937,-7942,-7953,-7979,-7983,
Balikesir,39.63782244,27.8739888,0,0,0,0,0,0,0,0,0,0,0,0,0,0,0,0,0,0,0,0,0,0,0,0,0,0,0,0,0,0,0,0,0,0,0,0,0,0,0,0,0,0,0,0,0,0,0,0,0,0,0,0,0,0,0,0,0,0,-1293,-1419,-1525,-1599,-1637,-1663,-1707,-1716,-1748,-1768,-1827,-1935,-2124,-2176,-2331,-2437,-2480,-2583,-2642,-2835,-2936,-2971,-3003,-3040,-3112,-3157,-3236,-3432,-3533,-3595,-3628,-3665,-3845,-3900,-3959,-4012,-4034,-4065,-4092,-4129,-4160,-4192,-4217,-4257,-4276,-4309,-4331,-2853,-2923,-2986,-3008,-3299,-3391,-3507,-3562,-3584,-3610,-3652,-3702,-3823,-3823,-3875,-3928,-3972,-4007,-4051,-4086,-4106,-4138,-4152,-4185,-4221,-4254,-4276,-4294,-4308,-4348,-4359,-4340,-4347,-4346,-4344,-4353,-4353,-4386,-4405,-4385,-4377,-4372,-4392,-4426,-4438,-4557,-4557,-4582,-4605,-4641,-4663,-4669,-4687,-4702,-4702,-4715,-4717,-4722,-4717,-4702,-4696,-4693,-4686,-4703,-4704,-4703,-4710,-4832,-4715,-4725,-4742,-4746,-4751,-4746,-4738,-4739,-4736,-4735,-4756,-4756,-4755,-4776,-4783,-4783,-4801,-4809,-4803,-4806,-4813,-4817,-4826,
Bartin,41.63366211,32.33739466,0,0,0,0,0,0,0,0,0,0,0,0,0,0,0,0,0,0,0,0,0,0,0,0,0,0,0,0,0,0,0,0,0,0,0,0,0,0,0,0,0,0,0,0,0,0,0,0,0,0,0,0,0,0,0,0,0,0,-11,-14,-18,-21,-25,-26,-26,-27,-27,-28,-30,-31,-32,-33,-33,-34,-34,-42,-43,-46,-48,-48,-51,-57,-57,-59,-61,-65,-65,-65,-65,-65,-70,-70,-70,-76,-76,-76,-78,-78,-78,-78,-78,-78,-77,-81,-91,-99,-98,-99,-100,-83,-85,-85,-90,-90,-90,-90,-90,-90,-90,-90,-92,-93,-104,-107,-112,-119,-121,-123,-126,-128,-299,-131,-131,-131,-130,-130,-131,-131,-132,-132,-132,-132,-128,-129,-129,-130,-132,-134,-134,-132,-133,-133,-133,-132,-131,-130,-140,-151,-156,-165,-177,-179,-188,-197,-201,-210,-215,-222,-237,-237,-247,-252,-294,-298,-315,-362,-327,-329,-320,-320,-320,-320,-320,-320,-320,-317,-309,-308,-306,-304,-302,-301,-301,-300,-299,-299,
Batman,37.8767617,41.11442347,0,0,0,0,0,0,0,0,0,0,0,0,0,0,0,0,0,0,0,0,0,0,0,0,0,0,0,0,0,0,0,0,0,0,0,0,0,0,0,0,0,0,-4917,-5446,-9046,-10630,-11700,-12222,-12418,-12418,-12418,-12418,-12418,-12418,-12418,-12418,-12418,-12418,-16268,-17473,-17745,-17877,-18104,-17958,-18504,-18515,-18630,-18984,-19195,-19446,-19667,-19687,-19876,-19989,-2010,-20144,-20245,-20398,-20437,-20452,-20465,-20482,-20509,-20530,-20566,-20677,-20758,-20771,-20787,-20802,-20946,-21018,-21097,-21142,-21140,-21137,-21145,-21144,-21139,-21154,-21141,-21160,-21161,-21181,-21219,-21205,-21256,-21256,-21268,-21372,-21418,-21396,-21414,-21426,-21440,-21446,-21463,-21512,-21512,-21436,-21457,-21493,-21589,-21675,-21813,-21870,-21926,-21944,-21978,-22013,-22091,-22071,-22103,-22129,-22186,-22231,-22260,-22270,-22279,-22310,-22336,-22336,-22471,-22518,-22400,-22344,-22256,-22250,-22309,-22346,-22556,-22556,-22392,-22328,-22365,-22371,-22414,-22420,-22418,-22434,-22383,-22372,-22374,-22392,-22403,-22410,-22419,-22433,-22455,-15701,-15719,-15635,-15500,-15313,-15347,-15387,-15088,-15114,-15118,-15109,-15116,-15125,-15150,-15179,-15180,-15285,-15330,-15338,-15387,-15439,-15518,-15513,-15525,-15530,-15538,-15497,
Bayburt,40.2580971,40.22508849,0,0,0,0,0,0,0,0,0,0,0,0,0,0,0,0,0,0,0,0,0,0,0,0,0,0,0,0,0,0,0,0,0,0,0,0,0,0,0,0,0,0,0,0,0,0,0,0,0,0,0,0,0,0,0,0,0,0,-27,-26,-26,-26,-28,-26,-23,-23,-26,-35,-38,-39,-40,-42,-42,-42,-42,-42,-43,-43,-43,-45,-47,-47,-47,-47,-53,-57,-57,-57,-57,-57,-49,-49,-49,-49,-50,-51,-51,-52,-47,-43,-43,-42,-42,-42,-42,-28,-28,-28,-28,-28,-28,-29,-29,-30,-30,-30,-30,-31,-31,-31,-31,-31,-32,-32,-32,-32,-32,-32,-32,-32,-32,-32,-32,-32,-32,-32,-32,-32,-31,-31,-30,-30,-24,-25,-25,-25,-25,-25,-25,-25,-25,-25,-25,-25,-25,-25,-25,-25,-20,-20,-21,-22,-22,-22,-22,-22,-22,-21,-22,-22,-22,-22,-21,-22,-24,-24,-24,-25,-24,-24,-24,-24,-24,-24,-24,-24,-25,-25,-22,-25,-24,-24,-24,-24,-23,-23,
Bilecik,40.14392,29.9806349,0,0,0,0,0,0,0,0,0,0,0,0,0,0,0,0,0,0,0,0,0,0,0,0,0,0,0,0,0,0,0,0,0,0,0,0,0,0,0,0,0,0,0,0,0,0,0,0,0,0,0,0,0,0,0,0,0,0,-362,-372,-390,-403,-434,-482,-468,-455,-458,-458,-508,-519,-538,-557,-566,-569,-570,-611,-629,-665,-665,-669,-673,-681,-693,-704,-699,-711,-713,-706,-706,-706,-661,-660,-659,-659,-656,-654,-654,-651,-652,-653,-652,-666,-660,-664,-667,-675,-442,-451,-453,-472,-484,-494,-513,-523,-528,-536,-536,-539,-539,-534,-544,-539,-546,-550,-552,-557,-567,-567,-572,-570,-580,-599,-597,-599,-600,-603,-604,-608,-603,-600,-598,-598,-592,-593,-593,-593,-594,-596,-598,-598,-595,-595,-595,-596,-595,-594,-583,-594,-596,-596,-604,-608,-610,-607,-608,-606,-610,-612,-608,-609,-608,-606,-627,-604,-605,-605,-608,-605,-622,-622,-622,-622,-622,-622,-622,-622,-617,-617,-614,-615,-620,-619,-619,-618,-626,-628,
Bingol,38.88471498,40.49685278,0,0,0,0,0,0,0,0,0,0,0,0,0,0,0,0,0,0,0,0,0,0,0,0,0,0,0,0,0,0,0,0,0,0,0,0,0,0,0,0,0,0,0,0,0,0,0,0,0,0,0,0,0,0,0,0,0,0,-450,-605,-636,-639,-697,-689,-689,-709,-719,-735,-732,-691,-696,-703,-701,-708,-719,-755,-765,-783,-798,-804,-811,-815,-819,-827,-831,-859,-864,-871,-871,-871,-927,-949,-956,-956,-958,-959,-960,-953,-957,-959,-957,-954,-951,-950,-952,-964,-840,-840,-836,-841,-869,-873,-878,-883,-889,-903,-881,-882,-882,-895,-893,-890,-888,-883,-878,-868,-868,-869,-871,-872,-894,-902,-910,-916,-910,-915,-918,-919,-922,-924,-925,-925,-933,-941,-942,-944,-948,-958,-967,-978,-1055,-1055,-1058,-1057,-1046,-1048,-1066,-1084,-1091,-1091,-1088,-1089,-1092,-1094,-1094,-1091,-1093,-1097,-1038,-1050,-1049,-1051,-1042,-1059,-1059,-1060,-1072,-1075,-1083,-1084,-1086,-1086,-1066,-1053,-1053,-1055,-1065,-1066,-1063,-1058,-1052,-1048,-1048,-1048,-1050,-1052,
Bitlis,38.40435468,42.10763707,0,0,0,0,0,0,0,0,0,0,0,0,0,0,0,0,0,0,0,0,0,0,0,0,0,0,0,0,0,0,0,0,0,0,0,0,0,0,0,0,0,0,0,0,0,0,0,0,0,0,0,0,0,0,0,0,0,0,-546,-491,-525,-541,-569,-548,-577,-584,-589,-619,-653,-681,-724,-739,-771,-786,-790,-806,-812,-830,-830,-830,-831,-840,-850,-860,-863,-878,-880,-881,-881,-881,-898,-895,-898,-903,-903,-907,-911,-912,-914,-915,-910,-921,-917,-938,-964,-968,-966,-966,-966,-841,-616,-612,-633,-668,-682,-686,-693,-703,-703,-735,-730,-741,-749,-751,-753,-754,-791,-795,-796,-836,-848,-856,-880,-885,-898,-903,-919,-919,-919,-924,-930,-930,-953,-954,-951,-949,-946,-958,-958,-985,-1007,-1007,-1020,-1030,-1026,-1027,-1037,-1039,-1041,-1049,-1058,-1062,-1074,-1077,-1125,-1150,-1160,-1163,-1174,-1190,-1190,-1178,-1244,-1179,-1180,-1180,-1186,-1188,-1194,-1195,-1191,-1191,-1198,-1199,-1199,-1198,-1184,-1185,-1216,-1223,-1223,-1224,-1227,-1236,-1241,-1242,
Bolu,40.73318243,31.60296464,0,0,0,0,0,0,0,0,0,0,0,0,0,0,0,0,0,0,0,0,0,0,0,0,0,0,0,0,0,0,0,0,0,0,0,0,0,0,0,0,0,0,0,0,0,0,0,0,0,0,0,0,0,0,0,0,0,0,-570,-667,-730,-761,-847,-885,-890,-899,-932,-977,-979,-1040,-1140,-1146,-1238,-1275,-1298,-1394,-1451,-1532,-1540,-1540,-1551,-1568,-1584,-1596,-1629,-1666,-1687,-1716,-1716,-1739,-1825,-1839,-1866,-1885,-1907,-1924,-1939,-1966,-2002,-2015,-2033,-2047,-2057,-2072,-2074,-2093,-2095,-2109,-2109,-1897,-1776,-1672,-1691,-1708,-1737,-1747,-1770,-1803,-1803,-1829,-1841,-1837,-1855,-1881,-1908,-1932,-1960,-1985,-1997,-2007,-2038,-2056,-2064,-2052,-2082,-2111,-2150,-2146,-2167,-2216,-2229,-2229,-2306,-2321,-2322,-2329,-2366,-2404,-2417,-2426,-2521,-2521,-2546,-2570,-2587,-2612,-2620,-2649,-2654,-2679,-2703,-2734,-2757,-2795,-2844,-2871,-2886,-2899,-2942,-2967,-2977,-2976,-3881,-3004,-3015,-3026,-3046,-3080,-3125,-3125,-3126,-3125,-3127,-3127,-3127,-3221,-3279,-3312,-3379,-3502,-3668,-3728,-3761,-3783,-3837,-3852,
Burdur,37.72041589,30.28323695,0,0,0,0,0,0,0,0,0,0,0,0,0,0,0,0,0,0,0,0,0,0,0,0,0,0,0,0,0,0,0,0,0,0,0,0,0,0,0,0,0,0,0,0,0,0,0,0,0,0,0,0,0,0,0,0,0,0,-4665,-5373,-6194,-6944,-7737,-7836,-7828,-7796,-7779,-7779,-7786,-7861,-8041,-8087,-8070,-8091,-8110,-8182,-8286,-8378,-8374,-8374,-8382,-8401,-8402,-8392,-8383,-8369,-8375,-8369,-8369,-8369,-8437,-8480,-8458,-8478,-8471,-8466,-8469,-8476,-8485,-8515,-8557,-8563,-8598,-8761,-8788,-8794,-8764,-8774,-8747,-8745,-8749,-8747,-8739,-8734,-8744,-8787,-8788,-8798,-8798,-8824,-8828,-8846,-8823,-8807,-8808,-8800,-8785,-8786,-8819,-8824,-8837,-8845,-8828,-8818,-8851,-8821,-8806,-8806,-8777,-8777,-8774,-8774,-8769,-8794,-8632,-8554,-8404,-8357,-8379,-8379,-8599,-8599,-8622,-8696,-8707,-8718,-8737,-8769,-8767,-8811,-8815,-8845,-8881,-8904,-8907,-8913,-8930,-8958,-8998,-7636,-7653,-7685,-8200,-7701,-7723,-7752,-7756,-7752,-7795,-7797,-7801,-7791,-7811,-7820,-7820,-7891,-7917,-7933,-7989,-8039,-8062,-8099,-8117,-8131,-8178,-8174,
Bursa,40.1965008,29.05891579,0,0,0,0,0,0,0,0,0,0,0,0,0,0,0,0,0,0,0,0,0,0,0,0,0,0,0,0,0,0,0,0,0,0,0,0,0,0,0,0,0,0,0,0,0,0,0,0,0,0,0,0,0,0,0,0,0,0,-76944,-84482,-88498,-92051,-96816,-97060,-96902,-97370,-98301,-100146,-101736,-103825,-106304,-106571,-108497,-110149,-111285,-113641,-115184,-119805,-123376,-124718,-125940,-127295,-129676,-131141,-132163,-133540,-133902,-134291,-134490,-134490,-136375,-137491,-139280,-139927,-140253,-140693,-141588,-142110,-142791,-143387,-144002,-145197,-145536,-146456,-146947,-147368,-148077,-148178,-148333,-149394,-150063,-150837,-151293,-151477,-151600,-151943,-152541,-153145,-153145,-154795,-155741,-156324,-156781,-157298,-157965,-158380,-158892,-159743,-160204,-160840,-161774,-162471,-163175,-163555,-163929,-164379,-165218,-165876,-166575,-167110,-167615,-167615,-170016,-170372,-169487,-169205,-169062,-169621,-170264,-170705,-174770,-174770,-174865,-175193,-175399,-175584,-175860,-176226,-176471,-176743,-177087,-177193,-177229,-177075,-176758,-176538,-176580,-176638,-176641,-176728,-176733,-176743,-178502,-176288,-176374,-176544,-175511,-175308,-175649,-175667,-175698,-175685,-175812,-176031,-176016,-176358,-176628,-176691,-176953,-177304,-177675,-177869,-177967,-178038,-178221,-178352,
Canakkale,40.14649807,26.40629366,0,0,0,0,0,0,0,0,0,0,0,0,0,0,0,0,0,0,0,0,0,0,0,0,0,0,0,0,0,0,0,0,0,0,0,0,0,0,0,0,0,0,0,0,0,0,0,0,0,0,0,0,0,0,0,0,0,0,-3050,-3070,-3216,-3247,-3322,-3363,-3344,-3360,-3375,-3383,-3400,-3437,-3608,-3826,-3805,-3813,-3850,-3978,-4051,-4138,-4160,-4171,-4185,-4204,-4247,-4272,-4295,-4400,-4431,-4476,-4534,-4534,-4550,-4556,-4571,-4617,-4659,-4719,-4720,-4732,-4739,-4758,-4761,-4873,-4912,-5035,-5094,-5192,-2765,-2776,-2858,-2985,-3042,-3140,-3186,-3207,-3270,-3262,-3374,-3425,-3425,-3462,-3473,-3533,-3548,-3633,-3706,-3827,-3907,-4036,-4136,-4224,-4368,-4419,-4512,-4615,-4745,-4893,-4921,-4927,-4970,-4998,-5033,-5033,-5140,-5204,-5237,-5280,-5448,-5646,-5707,-5764,-6107,-6107,-6106,-6068,-6051,-6064,-6028,-6015,-5997,-5969,-5939,-5905,-5878,-5833,-5829,-5820,-5807,-5801,-5804,-5702,-5699,-5695,-5323,-5611,-5617,-5624,-5537,-5529,-5514,-5515,-5514,-5516,-5524,-5532,-5532,-5515,-5461,-5456,-5398,-5383,-5357,-5345,-5342,-5347,-5352,-5345,
Cankiri,40.59966342,33.61636771,0,0,0,0,0,0,0,0,0,0,0,0,0,0,0,0,0,0,0,0,0,0,0,0,0,0,0,0,0,0,0,0,0,0,0,0,0,0,0,0,0,0,0,0,0,0,0,0,0,0,0,0,0,0,0,0,0,0,-135,-156,-156,-231,-259,-271,-270,-270,-277,-289,-313,-345,-367,-372,-389,-404,-406,-429,-431,-425,-425,-425,-429,-437,-449,-459,-461,-479,-490,-495,-501,-501,-521,-521,-523,-526,-526,-528,-528,-529,-529,-509,-512,-517,-517,-522,-527,-529,-391,-394,-400,-401,-403,-410,-420,-432,-458,-463,-471,-479,-479,-489,-489,-500,-497,-505,-513,-515,-521,-527,-534,-536,-532,-529,-528,-533,-536,-537,-537,-533,-539,-543,-546,-546,-556,-548,-548,-548,-548,-550,-551,-551,-546,-546,-546,-546,-546,-541,-542,-547,-550,-559,-558,-561,-561,-560,-562,-555,-551,-554,-562,-585,-597,-626,-800,-617,-617,-637,-656,-631,-677,-677,-682,-682,-683,-683,-683,-743,-747,-746,-761,-763,-780,-793,-798,-799,-796,-797,
Corum,40.55039136,34.95497358,0,0,0,0,0,0,0,0,0,0,0,0,0,0,0,0,0,0,0,0,0,0,0,0,0,0,0,0,0,0,0,0,0,0,0,0,0,0,0,0,0,0,0,0,0,0,0,0,0,0,0,0,0,0,0,0,0,0,-927,-1069,-1142,-1205,-1266,-1271,-1309,-1357,-1373,-1410,-1432,-1549,-1866,-1888,-1911,-1942,-1948,-2013,-2027,-2129,-2174,-2188,-2204,-2228,-2279,-2304,-2342,-2407,-2453,-2464,-2493,-2524,-2599,-2615,-2619,-2624,-2642,-2663,-2685,-2708,-2735,-2734,-2737,-2754,-2764,-2780,-2794,-2809,-2832,-2853,-2860,-2448,-2264,-2124,-2162,-2195,-2249,-2276,-2299,-2313,-2313,-2333,-2337,-2364,-2393,-2413,-2427,-2446,-2456,-2465,-2502,-2509,-2526,-2516,-2524,-2532,-2543,-2547,-2542,-2542,-2546,-2561,-2562,-2562,-2584,-2587,-2578,-2574,-2574,-2582,-2582,-2578,-2635,-2635,-2635,-2634,-2637,-2640,-2633,-2643,-2638,-2648,-2656,-2658,-2670,-2672,-2686,-2719,-2740,-2765,-2812,-2815,-2824,-2825,-3059,-2836,-2852,-2858,-2867,-2862,-2896,-2896,-2897,-2897,-2903,-2908,-2909,-2898,-2875,-2876,-2868,-2897,-2942,-2962,-2966,-2972,-2978,-2990,
Denizli,37.78175478,29.08603546,0,0,0,0,0,0,0,0,0,0,0,0,0,0,0,0,0,0,0,0,0,0,0,0,0,0,0,0,0,0,0,0,0,0,0,0,0,0,0,0,0,0,0,0,0,0,0,0,0,0,0,0,0,0,0,0,0,0,-4405,-5084,-5477,-5842,-6161,-6282,-6339,-6430,-6640,-6858,-6994,-7377,-7745,-7950,-8075,-8166,-8278,-8667,-8893,-9355,-9627,-9728,-9754,-9783,-9843,-9881,-9940,-10066,-10134,-10205,-10291,-10385,-10771,-10992,-11229,-11264,-11294,-11345,-11401,-11449,-11518,-11583,-11616,-11702,-11776,-11895,-11969,-12014,-12060,-12085,-12097,-12117,-12147,-12163,-12172,-12193,-12238,-12269,-12279,-12297,-12297,-12319,-12336,-12364,-12397,-12444,-12483,-12472,-12483,-12522,-12518,-12560,-12577,-12587,-12628,-12662,-12646,-12615,-12650,-12606,-12587,-12568,-12593,-12593,-12622,-12609,-12522,-12481,-12399,-12331,-12370,-12358,-12514,-12514,-12550,-12515,-12536,-12565,-12596,-12642,-12649,-12669,-12678,-12685,-12670,-12678,-12689,-12705,-12740,-12756,-12810,-11613,-11652,-11688,-12915,-11697,-11730,-11790,-11845,-11875,-11917,-11908,-11920,-11923,-11949,-11981,-11986,-12126,-12239,-12247,-12349,-12479,-12610,-12689,-12686,-12704,-12822,-12847,
Diyarbakir,37.9136291,40.21721253,0,0,0,0,0,0,0,0,0,0,0,0,0,0,0,0,0,0,0,0,0,0,0,0,0,0,0,0,0,0,0,0,0,0,0,0,0,0,0,0,0,0,0,0,0,0,0,0,0,0,0,0,0,0,0,0,0,0,-28042,-27769,-28256,-28946,-29387,-29096,-28825,-28530,-28596,-28759,-28883,-29198,-29724,-29759,-30018,-30129,-30215,-30363,-30443,-30812,-31003,-31102,-31154,-31203,-31304,-31366,-31444,-31553,-31615,-31673,-31729,-31776,-32039,-32361,-32667,-32725,-32736,-32662,-32668,-32681,-32677,-32724,-32717,-32767,-32800,-32813,-32886,-32911,-32912,-32905,-32877,-32818,-32833,-32909,-32951,-32963,-33031,-33012,-33066,-33197,-33197,-33288,-33171,-33138,-33161,-33153,-33177,-33172,-33147,-33261,-33477,-33479,-33571,-33592,-33605,-33655,-33732,-33815,-33884,-33904,-33908,-33892,-33892,-33892,-33834,-33844,-33708,-33648,-33526,-33474,-33514,-33547,-33251,-33251,-33245,-33218,-33191,-33217,-33248,-33125,-33045,-32974,-32989,-32984,-32981,-33026,-32984,-32963,-32950,-32900,-32954,-23721,-23619,-23481,-23496,-23111,-23137,-23178,-22838,-22875,-22881,-22885,-22899,-22909,-22949,-22997,-23009,-23117,-23108,-23121,-23138,-23210,-23266,-23291,-23303,-23355,-23400,-23412,
Duzce,40.83947627,31.16386136,0,0,0,0,0,0,0,0,0,0,0,0,0,0,0,0,0,0,0,0,0,0,0,0,0,0,0,0,0,0,0,0,0,0,0,0,0,0,0,0,0,0,0,0,0,0,0,0,0,0,0,0,0,0,0,0,0,0,-273,-366,-374,-390,-424,-449,-449,-471,-490,-544,-561,-574,-607,-613,-747,-778,-780,-792,-792,-810,-831,-833,-839,-847,-871,-885,-904,-943,-961,-969,-980,-994,-1074,-1117,-1175,-1188,-1206,-1220,-1233,-1247,-1268,-1278,-1298,-1318,-1342,-1373,-1383,-1428,-1071,-1102,-1354,-1357,-1295,-1275,-1292,-1314,-1329,-1329,-1357,-1419,-1419,-1453,-1464,-1482,-1497,-1491,-1516,-1529,-1541,-1552,-1565,-1584,-1598,-1608,-1610,-1615,-1623,-1623,-1645,-1656,-1656,-1656,-1652,-1652,-1676,-1682,-1692,-1701,-1719,-1723,-1749,-1765,-1853,-1853,-1868,-1888,-1895,-1906,-1874,-1892,-1873,-1874,-1870,-1863,-1862,-1860,-1851,-1845,-1841,-1841,-1840,-1841,-1828,-1825,-1758,-1815,-1816,-1819,-1788,-1785,-1780,-1780,-1780,-1777,-1773,-1773,-1773,-1771,-1767,-1768,-1754,-1760,-1761,-1761,-1765,-1763,-1756,-1757,
Edirne,41.67642478,26.55241246,0,0,0,0,0,0,0,0,0,0,0,0,0,0,0,0,0,0,0,0,0,0,0,0,0,0,0,0,0,0,0,0,0,0,0,0,0,0,0,0,0,0,0,0,0,0,0,0,0,0,0,0,0,0,0,0,0,0,-6656,-6404,-6468,-6523,-6527,-6507,-6492,-6472,-6477,-6492,-6486,-6488,-6511,-6556,-6587,-6569,-6552,-6513,-6511,-6458,-6457,-6457,-6457,-6468,-6473,-6474,-6486,-6489,-6493,-6493,-6493,-6493,-6497,-6493,-6497,-6506,-6512,-6515,-6521,-6523,-6523,-6523,-6523,-6522,-6522,-6536,-6535,-589,-866,-871,-874,-880,-889,-892,-908,-904,-908,-908,-912,-920,-920,-928,-930,-933,-937,-941,-947,-953,-954,-955,-955,-955,-966,-968,-973,-975,-972,-964,-968,-963,-966,-961,-965,-965,-969,-969,-967,-964,-957,-954,-953,-955,-1012,-1012,-1025,-1039,-1045,-1062,-1064,-1074,-1074,-1082,-1080,-1081,-1082,-1082,-1081,-1082,-1082,-1077,-1078,-1073,-1074,-1068,-1065,-1064,-1064,-1065,-1045,-1048,-1046,-1047,-1047,-1047,-1053,-1053,-1053,-1061,-1066,-1066,-1068,-1067,-1063,-1059,-1060,-1061,-1065,-1065,
Elazig,38.6731315,39.22912261,0,0,0,0,0,0,0,0,0,0,0,0,0,0,0,0,0,0,0,0,0,0,0,0,0,0,0,0,0,0,0,0,0,0,0,0,0,0,0,0,0,0,0,0,0,0,0,0,0,0,0,0,0,0,0,0,0,0,-3507,-4122,-4433,-4474,-4578,-4614,-4622,-4660,-4741,-4816,-4949,-5230,-5627,-5836,-5907,-5982,-6028,-6225,-6404,-6587,-6668,-6710,-6758,-6814,-6925,-7014,-7113,-7359,-7581,-7846,-7885,-7885,-8474,-8886,-9782,-9909,-10121,-10296,-10494,-10616,-10698,-10769,-10899,-11109,-11193,-11282,-11399,-11535,-11549,-11573,-11579,-11571,-11580,-11697,-11759,-11792,-11882,-11924,-11967,-12017,-12017,-12115,-12121,-12148,-12189,-12221,-12253,-12272,-12346,-12331,-12386,-12381,-12429,-12468,-12529,-12606,-12667,-12726,-12811,-12877,-12897,-12958,-13020,-13020,-13259,-13307,-13358,-13397,-13481,-13557,-13581,-13601,-13780,-13780,-13845,-13890,-13909,-13946,-13987,-14014,-14009,-14024,-14073,-14076,-14104,-14160,-14185,-14211,-14212,-14241,-14248,-13151,-13164,-13217,-12320,-13214,-13243,-13326,-13032,-12504,-11891,-11900,-11900,-11904,-11918,-11940,-11944,-11889,-11850,-11878,-11941,-11991,-12102,-12144,-12161,-12202,-12245,-12266,
Erzincan,39.74846809,39.47915161,0,0,0,0,0,0,0,0,0,0,0,0,0,0,0,0,0,0,0,0,0,0,0,0,0,0,0,0,0,0,0,0,0,0,0,0,0,0,0,0,0,0,0,0,0,0,0,0,0,0,0,0,0,0,0,0,0,0,-151,-161,-157,-158,-171,-163,-167,-166,-168,-169,-170,-177,-179,-185,-182,-183,-185,-185,-180,-168,-165,-165,-163,-159,-161,-161,-161,-163,-164,-166,-166,-166,-172,-171,-171,-170,-171,-173,-171,-170,-170,-170,-170,-169,-170,-170,-170,-83,-83,-87,-98,-101,-99,-101,-101,-101,-102,-103,-103,-105,-105,-101,-101,-105,-107,-110,-110,-111,-113,-113,-114,-114,-114,-104,-104,-105,-107,-107,-107,-107,-107,-106,-103,-103,-97,-99,-99,-99,-99,-101,-106,-105,-100,-100,-99,-98,-101,-101,-101,-105,-108,-103,-98,-98,-98,-97,-97,-98,-98,-98,-100,-103,-103,-102,-116,-105,-107,-109,-106,-108,-109,-109,-111,-111,-114,-113,-113,-113,-112,-112,-114,-121,-120,-122,-122,-122,-118,-118,
Erzurum,39.90616384,41.27401458,0,0,0,0,0,0,0,0,0,0,0,0,0,0,0,0,0,0,0,0,0,0,0,0,0,0,0,0,0,0,0,0,0,0,0,0,0,0,0,0,0,0,0,0,0,0,0,0,0,0,0,0,0,0,0,0,0,0,-293,-331,-356,-398,-438,-448,-435,-443,-467,-485,-493,-538,-645,-678,-702,-720,-722,-734,-738,-789,-791,-798,-812,-828,-847,-868,-887,-899,-902,-923,-923,-923,-974,-986,-992,-995,-994,-992,-1005,-1000,-1000,-1004,-1013,-1026,-1026,-1034,-1034,-1034,-1052,-930,-935,-844,-870,-935,-961,-961,-991,-1004,-1014,-1018,-1018,-1016,-1016,-1034,-1032,-1044,-1048,-1049,-1058,-1061,-1066,-1055,-1055,-1062,-1061,-1064,-1060,-1064,-1070,-1073,-1079,-1084,-1087,-1087,-1096,-1095,-1096,-1099,-1115,-1125,-1124,-1122,-1162,-1162,-1156,-1153,-1157,-1143,-1127,-1128,-1117,-1117,-1132,-1138,-1135,-1135,-1140,-1126,-1124,-1127,-1131,-1125,-1126,-1126,-1138,-1114,-1116,-1117,-1114,-1102,-1114,-1114,-1114,-1114,-1116,-1118,-1118,-1121,-1119,-1117,-1097,-1108,-1113,-1126,-1127,-1134,-1137,-1138,
Eskisehir,39.76763184,30.51334217,0,0,0,0,0,0,0,0,0,0,0,0,0,0,0,0,0,0,0,0,0,0,0,0,0,0,0,0,0,0,0,0,0,0,0,0,0,0,0,0,0,0,0,0,0,0,0,0,0,0,0,0,0,0,0,0,0,0,-494,-848,-1032,-1225,-1554,-1670,-1718,-1770,-1815,-1927,-1997,-2085,-2343,-2500,-2526,-2569,-2586,-2686,-2694,-3052,-3172,-3198,-3225,-3254,-3301,-3343,-3422,-3532,-3587,-3639,-3639,-3639,-3847,-3870,-3915,-3940,-3952,-3943,-3964,-3991,-4015,-4040,-4054,-4094,-4098,-4149,-4185,-4243,-4260,-3404,-3405,-3068,-3131,-3235,-3282,-3304,-3327,-3349,-3421,-3655,-3655,-3735,-3735,-3840,-3909,-3981,-4015,-4071,-4096,-4120,-4115,-4111,-4129,-4179,-4218,-4240,-4317,-4335,-4328,-4365,-4390,-4434,-4484,-4484,-4525,-4541,-4532,-4531,-4535,-4555,-4613,-4633,-4768,-4768,-4845,-4888,-4921,-4933,-4940,-4953,-4959,-4989,-4995,-5016,-5015,-5070,-5068,-5090,-5103,-5134,-5163,-5204,-5215,-5222,-5495,-5239,-5245,-5254,-5235,-5224,-5265,-5269,-5304,-5307,-5370,-5383,-5386,-5405,-5391,-5390,-5400,-5370,-5408,-5442,-5460,-5484,-5466,-5468,
Gaziantep,37.06144923,37.36916829,0,-1100,-1200,0,0,0,0,0,0,0,0,0,0,0,0,0,0,0,0,0,0,0,0,0,0,0,0,0,0,0,0,0,0,0,-121863,-129132,-129132,-129132,-158707,-165633,-165633,-165633,-182188,-186883,-199279,-207562,-207584,-202773,-204526,-204526,-204526,-204526,-204526,-204526,-204526,-204526,-204526,-204526,-327565,-325874,-325207,-325239,-325128,-323320,-321157,-319758,-318596,-318619,-318786,-319753,-326722,-329682,-329622,-330325,-332056,-335651,-337698,-340514,-341649,-341985,-342226,-342442,-343395,-344022,-344900,-346322,-347197,-348059,-349039,-350067,-355371,-359194,-362845,-366566,-369090,-370646,-372069,-373808,-375633,-377506,-378984,-381216,-382378,-384290,-385117,-384737,-384285,-383260,-382604,-385541,-387118,-389021,-389773,-390204,-390530,-390860,-391928,-392998,-392998,-395905,-397617,-399026,-399732,-402388,-404979,-406183,-407343,-409193,-411567,-413538,-415633,-417013,-418802,-420687,-421986,-422850,-423949,-424677,-425090,-425802,-426383,-426383,-428748,-429575,-428779,-428724,-429302,-431383,-432856,-433664,-445154,-445154,-445748,-446564,-447389,-447921,-448603,-449681,-450207,-450546,-451183,-451461,-451466,-452101,-452005,-452113,-452419,-452788,-453379,-454181,-454631,-454002,-449677,-452533,-452850,-453409,-452278,-452361,-450031,-450184,-450032,-450088,-449576,-449201,-449113,-448980,-451135,-450591,-450618,-451828,-450881,-451480,-451652,-451982,-449411,-449730,
Giresun,40.91947922,38.38601514,0,0,0,0,0,0,0,0,0,0,0,0,0,0,0,0,0,0,0,0,0,0,0,0,0,0,0,0,0,0,0,0,0,0,0,0,0,0,0,0,0,0,0,0,0,0,0,0,0,0,0,0,0,0,0,0,0,0,-68,-79,-68,-135,-133,-132,-135,-135,-135,-137,-144,-146,-145,-155,-154,-149,-144,-141,-141,-143,-143,-146,-146,-146,-145,-144,-155,-170,-174,-174,-174,-174,-181,-181,-182,-182,-183,-173,-174,-173,-174,-174,-174,-175,-176,-179,-178,-124,-126,-126,-127,-128,-129,-133,-133,-135,-138,-137,-138,-141,-141,-144,-144,-145,-146,-146,-146,-147,-148,-148,-148,-148,-150,-150,-151,-157,-157,-157,-158,-164,-164,-162,-162,-162,-166,-166,-161,-158,-150,-148,-149,-148,-162,-162,-166,-168,-169,-169,-169,-178,-179,-180,-183,-185,-184,-182,-182,-182,-180,-181,-182,-182,-189,-191,-223,-191,-191,-191,-190,-194,-195,-195,-197,-197,-198,-198,-198,-193,-203,-202,-209,-214,-214,-216,-216,-217,-220,-221,
Gumushane,40.45842724,39.47826124,0,0,0,0,0,0,0,0,0,0,0,0,0,0,0,0,0,0,0,0,0,0,0,0,0,0,0,0,0,0,0,0,0,0,0,0,0,0,0,0,0,0,0,0,0,0,0,0,0,0,0,0,0,0,0,0,0,0,-57,-55,-55,-57,-59,-58,-59,-60,-61,-63,-64,-67,-69,-78,-78,-80,-80,-87,-87,-89,-89,-89,-89,-88,-87,-87,-88,-88,-87,-87,-87,-87,-91,-91,-92,-92,-92,-92,-92,-92,-92,-92,-95,-92,-92,-92,-90,-69,-69,-70,-70,-70,-70,-70,-71,-72,-72,-72,-73,-73,-73,-75,-75,-76,-80,-80,-81,-81,-81,-82,-76,-76,-78,-79,-76,-77,-81,-86,-86,-86,-86,-87,-92,-92,-95,-95,-95,-95,-96,-96,-96,-96,-118,-118,-118,-115,-115,-115,-107,-108,-109,-110,-111,-111,-113,-108,-108,-108,-108,-108,-90,-88,-88,-88,-88,-87,-87,-87,-88,-89,-90,-90,-90,-90,-90,-91,-91,-89,-87,-87,-88,-86,-87,-87,-87,-87,-87,-87,
Hakkari,37.57564813,43.73766664,0,0,0,0,0,0,0,0,0,0,0,0,0,0,0,0,0,0,0,0,0,0,0,0,0,0,0,0,0,0,0,0,0,0,0,0,0,0,0,0,0,0,0,0,0,0,0,0,0,0,0,0,0,0,0,0,0,0,-842,-861,-968,-966,-967,-950,-921,-920,-910,-902,-878,-875,-939,-1010,-1033,-1041,-1041,-1513,-1971,-2344,-2410,-2422,-2438,-2467,-2511,-2545,-2614,-2884,-3273,-3826,-4429,-5173,-6879,-7691,-8265,-8642,-8663,-8584,-8524,-8486,-8474,-8474,-8407,-8254,-8213,-8126,-8075,-8052,-5833,-5809,-5799,-5784,-5763,-5743,-5742,-5730,-5723,-5711,-5694,-5675,-5675,-5664,-5652,-5633,-5619,-5607,-5593,-5597,-5573,-5572,-5561,-5545,-5534,-5527,-5513,-5499,-5492,-5469,-5451,-5444,-5434,-5426,-5424,-5424,-5396,-5391,-5380,-5373,-5356,-5340,-5335,-5332,-5323,-5323,-5320,-5302,-5294,-5286,-5261,-5257,-5252,-5250,-5248,-5245,-5241,-5235,-5232,-5232,-5232,-5230,-5228,-5217,-5215,-5211,-5153,-5199,-5199,-5199,-5188,-5172,-5185,-5185,-5185,-5186,-5190,-5185,-5185,-5179,-5164,-5164,-5155,-5151,-5151,-5153,-5153,-5152,-5152,-5152,
Hatay,36.19888195,36.15888928,0,0,0,0,0,0,0,0,0,0,0,0,0,0,0,0,0,0,0,0,0,0,0,0,0,0,0,0,0,0,0,0,0,0,-74390,-76323,-76323,-76323,-126408,-134275,-134275,-134275,-142612,-169281,-185273,-195614,-224177,-236710,-259441,-259441,-259441,-259441,-259441,-259441,-259441,-259441,-259441,-259441,-364022,-363933,-380340,-386181,-386064,-382702,-379126,-377338,-376730,-377991,-377195,-379516,-382668,-383946,-384774,-386264,-389297,-395119,-398180,-408095,-416589,-419500,-422604,-426278,-433863,-437584,-441528,-450493,-454073,-456528,-456761,-457106,-457670,-457544,-456544,-455445,-453323,-451058,-449586,-448385,-447541,-445460,-444423,-442913,-442740,-444216,-445218,-445642,-445095,-443837,-443760,-443871,-443477,-442966,-443030,-442909,-442493,-442357,-442071,-442091,-442091,-439142,-438002,-438108,-438127,-438668,-438649,-438335,-438242,-439011,-439642,-440089,-440692,-441197,-441913,-442373,-443631,-444576,-445295,-445922,-446916,-447406,-447884,-447884,-439450,-439910,-435955,-434046,-430357,-428265,-427508,-426869,-431098,-431098,-432436,-434676,-436350,-437231,-437894,-438696,-439032,-439200,-439869,-440336,-440563,-440920,-440628,-440557,-440580,-440699,-440375,-440116,-439983,-439483,-433859,-438330,-438936,-440019,-440569,-440469,-438741,-438303,-438580,-436708,-434420,-433429,-433364,-433162,-435297,-435233,-435416,-436167,-434486,-435283,-435427,-435584,-433265,-433592,
Igdir,39.9229437,44.04550456,0,0,0,0,0,0,0,0,0,0,0,0,0,0,0,0,0,0,0,0,0,0,0,0,0,0,0,0,0,0,0,0,0,0,0,0,0,0,0,0,0,0,0,0,0,0,0,0,0,0,0,0,0,0,0,0,0,0,-97,-77,-77,-77,-80,-77,-80,-79,-79,-79,-79,-81,-88,-88,-89,-89,-84,-87,-89,-89,-89,-90,-90,-90,-92,-92,-97,-98,-99,-99,-104,-104,-118,-118,-118,-119,-119,-119,-120,-120,-133,-134,-134,-134,-134,-131,-137,-89,-89,-89,-89,-84,-84,-88,-88,-88,-88,-88,-88,-88,-88,-88,-87,-93,-94,-94,-94,-94,-92,-93,-92,-95,-91,-88,-88,-88,-87,-87,-87,-87,-88,-101,-101,-101,-89,-90,-90,-90,-90,-92,-92,-91,-86,-86,-86,-86,-86,-86,-86,-87,-87,-86,-87,-87,-87,-89,-87,-87,-87,-87,-85,-85,-85,-85,-78,-86,-86,-86,-88,-90,-88,-88,-88,-88,-88,-88,-88,-89,-89,-89,-89,-87,-91,-90,-93,-93,-93,-91,
Isparta,37.75921425,30.54808316,0,0,0,0,0,0,0,0,0,0,0,0,0,0,0,0,0,0,0,0,0,0,0,0,0,0,0,0,0,0,0,0,0,0,0,0,0,0,0,0,0,0,0,0,0,0,0,0,0,0,0,0,0,0,0,0,0,0,-2645,-3568,-4179,-4948,-5927,-6164,-6115,-6124,-6117,-6123,-6124,-6219,-6351,-6409,-6538,-6594,-6600,-6664,-6674,-6731,-6789,-6809,-6815,-6815,-6839,-6850,-6865,-6874,-6881,-6881,-6881,-6881,-6955,-6975,-6972,-6979,-7004,-7046,-7082,-7100,-7120,-7134,-7158,-7178,-7176,-7192,-7195,-7196,-7177,-7147,-7147,-7155,-7159,-7184,-7180,-7178,-7192,-7222,-7222,-7210,-7210,-7221,-7226,-7239,-7231,-7258,-7267,-7267,-7260,-7272,-7272,-7278,-7284,-7301,-7293,-7273,-7270,-7234,-7215,-7220,-7233,-7248,-7250,-7250,-7287,-7293,-7068,-6961,-6749,-6616,-6632,-6630,-6670,-6670,-6666,-6677,-6702,-6710,-6680,-6711,-6727,-6721,-6724,-6743,-6751,-6760,-6761,-6761,-6761,-6774,-6812,-5327,-5345,-5355,-6903,-5428,-5443,-5469,-5545,-5592,-5653,-5653,-5652,-5651,-5648,-5651,-5652,-5865,-6026,-6072,-6270,-6417,-6594,-6657,-6721,-6768,-6829,-6853,
Istanbul,41.01227385,28.97589975,0,0,0,0,0,0,0,0,0,0,0,0,0,0,0,0,0,0,0,0,0,0,0,0,0,0,0,0,0,0,0,0,0,0,0,0,0,0,0,0,0,0,0,0,0,0,0,0,0,0,0,0,0,0,0,0,0,0,-334108,-357225,-370450,-383104,-394541,-391784,-392682,-392031,-396699,-411784,-416690,-448125,-475654,-479333,-480834,-482443,-483810,-490136,-496983,-505631,-511380,-513382,-515543,-517697,-522406,-524997,-527620,-532802,-535135,-536672,-537084,-537829,-540579,-542842,-545755,-547348,-548569,-549572,-550486,-551784,-553453,-554655,-555772,-557573,-558276,-559562,-560350,-560959,-561159,-561615,-561848,-563015,-563133,-563461,-563716,-563791,-563876,-563874,-564189,-563963,-563963,-562712,-561293,-561119,-560980,-560881,-560760,-560385,-560033,-559518,-559104,-559058,-558805,-558548,-558115,-557876,-557694,-557736,-557569,-557708,-557942,-558196,-558437,-558437,-559731,-560706,-555951,-553387,-548483,-546384,-546326,-546238,-547716,-547716,-547943,-548134,-548476,-548853,-548125,-548865,-548926,-549159,-549216,-549477,-549405,-549903,-552080,-554289,-554458,-555179,-556289,-474679,-479420,-480077,-519584,-482483,-483445,-484995,-492013,-494634,-496485,-496438,-496533,-496561,-496695,-496812,-496852,-501462,-505219,-506041,-507482,-510341,-513364,-515083,-515760,-516510,-517916,-518519,
Izmir,38.43414428,27.17186611,0,0,0,0,0,0,0,0,0,0,0,0,0,0,0,0,0,0,0,0,0,0,0,0,0,0,0,0,0,0,0,0,0,0,0,0,0,0,0,0,0,0,0,0,0,0,0,0,0,0,0,0,0,0,0,0,0,0,-78764,-83226,-85963,-88125,-90600,-91409,-91237,-91175,-92521,-95239,-96927,-101175,-105320,-108681,-109549,-110126,-110876,-112652,-113882,-115423,-117434,-117846,-118189,-118650,-119971,-120623,-121302,-123388,-125540,-127164,-128690,-129644,-131733,-132230,-132664,-133248,-133823,-134407,-134875,-135195,-135548,-135769,-135955,-136311,-136442,-136777,-136998,-137228,-137267,-137292,-137338,-137612,-137624,-137937,-138049,-138150,-138356,-138330,-138742,-138897,-138897,-139078,-139164,-139169,-139282,-139463,-139618,-139684,-139797,-139979,-140141,-140403,-140785,-141138,-141363,-141496,-141757,-142035,-142381,-142567,-142773,-142819,-142989,-142989,-143642,-143660,-143008,-142740,-142354,-142513,-142824,-142995,-144802,-144802,-145123,-145521,-145743,-145984,-146112,-146511,-146630,-146688,-146891,-146806,-146818,-146885,-146889,-146929,-146954,-147754,-148017,-147803,-147627,-147503,-147718,-147018,-147111,-147258,-146560,-146435,-146352,-145524,-145516,-145496,-145498,-145563,-145576,-146244,-146478,-146518,-146768,-146970,-147134,-147284,-147304,-147356,-147513,-147553,
Kahramanmaras,37.57726008,36.92770393,0,0,0,0,0,0,0,0,0,0,0,0,0,0,0,0,0,0,0,0,0,0,0,0,0,0,0,0,0,0,0,0,0,0,-14330,-24542,-24542,-24542,-32292,-34732,-34732,-34732,-37619,-40033,-42585,-43513,-48112,-45607,-46108,-46108,-46108,-46108,-46108,-46108,-46108,-46108,-46108,-46108,-76692,-78968,-80605,-82286,-84094,-84182,-84131,-84241,-84920,-86012,-86098,-87315,-89239,-90012,-90877,-91704,-92320,-93237,-93472,-95018,-95431,-95664,-95885,-96251,-97238,-97695,-98219,-99004,-99111,-99168,-99168,-99168,-99285,-99366,-99467,-99879,-99927,-100042,-100160,-100226,-100206,-100248,-100236,-100259,-100230,-100257,-100274,-100319,-100346,-100392,-100403,-95848,-92387,-86925,-81940,-79576,-75575,-76855,-76240,-76656,-76656,-77349,-77860,-78555,-78626,-79481,-80435,-80969,-81710,-82375,-82613,-83042,-83737,-84309,-84841,-85403,-86015,-86590,-87269,-87576,-87973,-88366,-88602,-88602,-88316,-88359,-88060,-87942,-87407,-86921,-87045,-87201,-89723,-89723,-90073,-92129,-92526,-92630,-92738,-92868,-92868,-92899,-92898,-92946,-93055,-93012,-92955,-92974,-93059,-93135,-93274,-93527,-93604,-93609,-93034,-93682,-93795,-93930,-93059,-92383,-92293,-92294,-92265,-92240,-92324,-92470,-92494,-93050,-91935,-92002,-92138,-92334,-92669,-92608,-92697,-92759,-92804,-92894,
Karabuk,41.19591663,32.6084546,0,0,0,0,0,0,0,0,0,0,0,0,0,0,0,0,0,0,0,0,0,0,0,0,0,0,0,0,0,0,0,0,0,0,0,0,0,0,0,0,0,0,0,0,0,0,0,0,0,0,0,0,0,0,0,0,0,0,-181,-227,-233,-247,-269,-267,-271,-274,-289,-317,-350,-390,-451,-488,-488,-499,-501,-510,-510,-525,-525,-530,-533,-536,-547,-555,-566,-601,-604,-610,-613,-613,-624,-636,-661,-698,-709,-713,-714,-721,-729,-730,-732,-744,-747,-759,-760,-769,-772,-793,-794,-672,-578,-596,-604,-623,-639,-650,-653,-664,-664,-623,-632,-644,-657,-680,-689,-722,-757,-762,-766,-769,-772,-775,-790,-796,-798,-806,-827,-829,-836,-836,-836,-836,-774,-785,-783,-784,-793,-804,-813,-815,-845,-845,-846,-848,-859,-862,-856,-869,-869,-871,-877,-886,-893,-900,-944,-969,-969,-976,-992,-994,-995,-993,-1151,-1010,-1013,-1019,-1033,-1056,-1064,-1064,-1064,-1064,-1064,-1063,-1063,-1074,-1081,-1078,-1075,-1085,-1103,-1130,-1132,-1144,-1146,-1148,
Karaman,37.18275022,33.2159851,0,0,0,0,0,0,0,0,0,0,0,0,0,0,0,0,0,0,0,0,0,0,0,0,0,0,0,0,0,0,0,0,0,0,0,0,0,0,0,0,0,0,0,0,0,0,0,0,0,0,0,0,0,0,0,0,0,0,-254,-274,-307,-326,-380,-418,-471,-475,-474,-493,-506,-516,-578,-585,-581,-589,-589,-500,-600,-606,-609,-613,-615,-615,-624,-636,-652,-658,-656,-656,-665,-665,-706,-706,-706,-713,-715,-715,-717,-717,-717,-686,-686,-694,-694,-696,-692,-687,-687,-684,-658,-573,-518,-517,-543,-590,-612,-625,-639,-651,-651,-655,-655,-661,-683,-695,-692,-696,-702,-709,-698,-702,-700,-728,-753,-765,-772,-772,-773,-775,-777,-779,-781,-781,-776,-777,-775,-774,-771,-770,-771,-770,-762,-762,-756,-750,-757,-757,-775,-787,-787,-796,-809,-812,-811,-813,-817,-816,-816,-816,-816,-817,-817,-817,-813,-821,-822,-823,-815,-816,-818,-820,-820,-823,-824,-825,-825,-823,-825,-823,-825,-817,-817,-817,-819,-820,-819,-818,
Kars,40.60288964,43.09507856,0,0,0,0,0,0,0,0,0,0,0,0,0,0,0,0,0,0,0,0,0,0,0,0,0,0,0,0,0,0,0,0,0,0,0,0,0,0,0,0,0,0,0,0,0,0,0,0,0,0,0,0,0,0,0,0,0,0,-96,-110,-118,-117,-123,-126,-123,-126,-126,-137,-143,-159,-177,-184,-182,-181,-181,-186,-186,-194,-194,-194,-194,-193,-195,-195,-199,-201,-205,-206,-206,-206,-210,-213,-221,-221,-223,-225,-225,-226,-227,-227,-227,-225,-221,-220,-220,-219,-133,-134,-138,-144,-146,-151,-153,-153,-148,-143,-147,-147,-147,-151,-154,-154,-153,-155,-149,-150,-154,-157,-158,-161,-160,-161,-158,-160,-155,-155,-167,-165,-164,-165,-165,-165,-169,-169,-169,-169,-170,-172,-174,-174,-174,-174,-174,-174,-178,-179,-180,-180,-180,-179,-179,-179,-173,-173,-171,-171,-164,-164,-165,-167,-169,-170,-189,-171,-171,-171,-173,-173,-174,-174,-175,-176,-176,-176,-177,-177,-179,-180,-183,-184,-190,-185,-185,-185,-188,-189,
Kastamonu,41.37577073,33.77874953,0,0,0,0,0,0,0,0,0,0,0,0,0,0,0,0,0,0,0,0,0,0,0,0,0,0,0,0,0,0,0,0,0,0,0,0,0,0,0,0,0,0,0,0,0,0,0,0,0,0,0,0,0,0,0,0,0,0,-450,-505,-507,-517,-556,-574,-617,-622,-641,-665,-706,-775,-883,-922,-987,-1030,-1042,-1063,-1064,-1111,-1121,-1133,-1144,-1163,-1192,-1202,-1219,-1264,-1267,-1271,-1281,-1281,-1321,-1336,-1335,-1327,-1340,-1334,-1336,-1348,-1346,-1364,-1365,-1371,-1382,-1384,-1390,-1390,-1395,-1397,-1385,-1152,-1107,-1005,-1019,-1043,-1065,-1100,-1117,-1132,-1132,-1149,-1158,-1155,-1178,-1199,-1202,-1225,-1228,-1240,-1245,-1267,-1267,-1268,-1276,-1278,-1291,-1294,-1299,-1305,-1307,-1310,-1310,-1310,-1315,-1323,-1331,-1361,-1467,-1647,-1714,-1762,-2155,-2155,-2202,-2222,-2217,-2223,-2290,-2397,-2397,-2569,-2689,-2747,-2753,-2923,-3016,-3081,-3146,-3221,-3240,-3244,-3242,-3254,-3025,-3251,-3254,-3260,-3213,-3182,-3189,-3187,-3186,-3185,-3184,-3186,-3186,-3189,-3140,-3140,-3124,-3111,-3085,-3063,-3059,-3058,-3043,-3044,
Kayseri,38.72229229,35.48863447,0,0,0,0,0,0,0,0,0,0,0,0,0,0,0,0,0,0,0,0,0,0,0,0,0,0,0,0,0,0,0,0,0,0,0,0,0,0,0,0,0,0,0,0,0,0,0,0,0,0,0,0,0,0,0,0,0,0,-33428,-40873,-43758,-46520,-49016,-50230,-50428,-50932,-51398,-52644,-54167,-55759,-58196,-58852,-59585,-60122,-60589,-62362,-62769,-63842,-64501,-64814,-65046,-65275,-66141,-66852,-67525,-69045,-69753,-70252,-70252,-70563,-71098,-71267,-71377,-71500,-71696,-71890,-72206,-72433,-72792,-73244,-73491,-73822,-73865,-74106,-74259,-74449,-74524,-74601,-74612,-74778,-74923,-75073,-75130,-75185,-75267,-75286,-75394,-75497,-75497,-75648,-75703,-75935,-75781,-75903,-76536,-76619,-76744,-76715,-76807,-76944,-77226,-77373,-77581,-77529,-77605,-77698,-77849,-77922,-77997,-78082,-78178,-78178,-78537,-78689,-78199,-77995,-77703,-77647,-77746,-77781,-78894,-78894,-79161,-79531,-79650,-79758,-79810,-79915,-79915,-79978,-80097,-80193,-80297,-80541,-80572,-80596,-80774,-80938,-81193,-73452,-73714,-73919,-79044,-74212,-74470,-74816,-75215,-75512,-75806,-75800,-75825,-75862,-76124,-76303,-76330,-76982,-77181,-77257,-77521,-77797,-78227,-78456,-78493,-78563,-78746,-78826,
Kilis,36.71557647,37.11333479,0,0,0,0,0,0,0,0,0,0,0,0,0,0,0,0,0,0,0,0,0,0,0,0,0,0,0,0,0,0,0,0,0,0,-25920,-26700,-26700,-26700,-39691,-44350,-44350,-44350,-55600,-56350,-60005,-62371,-64050,-64850,-66500,-66500,-66500,-66500,-66500,-66500,-66500,-66500,-66500,-66500,-119117,-124287,-127134,-127522,-129197,-128100,-125751,-124579,-123654,-122886,-122032,-122779,-124018,-124418,-124888,-125507,-125790,-126882,-127297,-127826,-128306,-128605,-128888,-129063,-129671,-130293,-130987,-131671,-131712,-131793,-131793,-131914,-130830,-130829,-130573,-130523,-130560,-130375,-130317,-130162,-130119,-130057,-130001,-130316,-130235,-130221,-130601,-130746,-131109,-131074,-130405,-131261,-131302,-131041,-130841,-130677,-130487,-130448,-130264,-129993,-129993,-129353,-127995,-126808,-126531,-126284,-125731,-125013,-124371,-123538,-123029,-122657,-122338,-122169,-121157,-119143,-117778,-116135,-115372,-115165,-114999,-114853,-114788,-114788,-117235,-117168,-116387,-115987,-115172,-114762,-114814,-114797,-115903,-115903,-116317,-115760,-115812,-115832,-115911,-116025,-116025,-116161,-116289,-116638,-116749,-116492,-115941,-115737,-115599,-115741,-115898,-116161,-116252,-116155,-105011,-115491,-115576,-115934,-115129,-115113,-112192,-111948,-112576,-111608,-109717,-108385,-108375,-108189,-109577,-108969,-108316,-108925,-108579,-108911,-109060,-109123,-105311,-105501,
Kirikkale,39.83995854,33.50399373,0,0,0,0,0,0,0,0,0,0,0,0,0,0,0,0,0,0,0,0,0,0,0,0,0,0,0,0,0,0,0,0,0,0,0,0,0,0,0,0,0,0,0,0,0,0,0,0,0,0,0,0,0,0,0,0,0,0,-284,-359,-386,-413,-437,-458,-468,-497,-525,-640,-674,-683,-794,-817,-825,-844,-844,-863,-863,-914,-924,-924,-924,-928,-939,-949,-967,-1057,-1073,-1097,-1097,-1097,-1161,-1170,-1179,-1180,-1185,-1207,-1210,-1226,-1240,-1262,-1258,-1269,-1281,-1288,-1287,-1298,-1009,-1052,-1058,-1078,-1094,-1112,-1109,-1114,-1122,-1132,-1233,-1296,-1296,-1332,-1344,-1358,-1395,-1399,-1409,-1399,-1408,-1400,-1426,-1441,-1439,-1447,-1455,-1461,-1471,-1478,-1476,-1486,-1488,-1491,-1497,-1497,-1492,-1495,-1495,-1495,-1499,-1502,-1506,-1505,-1550,-1550,-1585,-1603,-1611,-1615,-1610,-1640,-1640,-1662,-1673,-1679,-1672,-1699,-1708,-1719,-1719,-1721,-1739,-1738,-1732,-1739,-1876,-1735,-1736,-1742,-1765,-1763,-1776,-1176,-1774,-1774,-1774,-1780,-1780,-1796,-1802,-1813,-1810,-1816,-1827,-1852,-1856,-1859,-1857,-1865,
Kirklareli,41.73592412,27.21885739,0,0,0,0,0,0,0,0,0,0,0,0,0,0,0,0,0,0,0,0,0,0,0,0,0,0,0,0,0,0,0,0,0,0,0,0,0,0,0,0,0,0,0,0,0,0,0,0,0,0,0,0,0,0,0,0,0,0,-2126,-2069,-2065,-2070,-2070,-2070,-2067,-2068,-2063,-2062,-2074,-2087,-2104,-2125,-2145,-2165,-2165,-2169,-2169,-2197,-2197,-2197,-2201,-2212,-2236,-2243,-2257,-2274,-2272,-2270,-2274,-2274,-2340,-2346,-2352,-2359,-2360,-2371,-2369,-2375,-2376,-2384,-2394,-2397,-2408,-2416,-2425,-2436,-2435,-2432,-2435,-2435,-2450,-2457,-2457,-2464,-2475,-2484,-2505,-2504,-2504,-2501,-2506,-2511,-2522,-2533,-2559,-2567,-2574,-2595,-2603,-2605,-2616,-2628,-2639,-2654,-2668,-2668,-2677,-2682,-2688,-2698,-2698,-2698,-2739,-2742,-2735,-2733,-2723,-2722,-2723,-2724,-2716,-2716,-2716,-2715,-2714,-2704,-2703,-2700,-2700,-2702,-2699,-2698,-2695,-2694,-2685,-2680,-2678,-2675,-2675,-1038,-1042,-1040,-969,-1038,-1039,-1042,-1014,-1003,-1013,-1020,-1020,-1020,-1013,-1016,-1016,-1017,-1014,-1004,-993,-989,-990,-978,-978,-978,-974,-973,
Kirsehir,39.14642722,34.1597729,0,0,0,0,0,0,0,0,0,0,0,0,0,0,0,0,0,0,0,0,0,0,0,0,0,0,0,0,0,0,0,0,0,0,0,0,0,0,0,0,0,0,0,0,0,0,0,0,0,0,0,0,0,0,0,0,0,0,-490,-524,-545,-547,-550,-548,-573,-637,-639,-638,-671,-716,-809,-872,-883,-886,-886,-901,-901,-992,-1004,-1004,-1006,-1006,-1026,-1035,-1051,-1067,-1073,-1098,-1098,-1098,-1147,-1180,-1183,-1193,-1204,-1200,-1197,-1206,-1219,-1229,-1237,-1243,-1250,-1255,-1274,-1275,-897,-915,-915,-939,-949,-995,-1038,-1065,-1079,-1090,-1123,-1146,-1146,-1158,-1166,-1178,-1181,-1173,-1199,-1194,-1191,-1219,-1231,-1227,-1235,-1241,-1243,-1264,-1297,-1302,-1332,-1344,-1342,-1343,-1339,-1339,-1333,-1335,-1333,-1335,-1338,-1342,-1347,-1349,-1374,-1374,-1376,-1385,-1396,-1406,-1401,-1391,-1391,-1395,-1395,-1396,-1399,-1406,-1396,-1395,-1400,-1404,-1406,-1432,-1438,-1436,-1638,-1424,-1425,-1428,-1424,-1413,-1447,-1447,-1449,-1450,-1451,-1457,-1457,-1447,-1458,-1462,-1532,-1603,-1610,-1628,-1628,-1636,-1632,-1627,
Kocaeli,40.76475125,29.92161751,0,0,0,0,0,0,0,0,0,0,0,0,0,0,0,0,0,0,0,0,0,0,0,0,0,0,0,0,0,0,0,0,0,0,0,0,0,0,0,0,0,0,0,0,0,0,0,0,0,0,0,0,0,0,0,0,0,0,-14456,-17198,-19302,-20844,-22589,-2320,-23217,-23373,-23971,-25162,-25816,-27764,-30836,-32045,-32587,-33275,-33440,-34450,-35191,-37047,-38324,-38854,-39339,-39895,-40745,-41095,-41471,-42488,-43350,-44491,-45696,-46541,-48588,-49008,-49340,-49582,-49773,-49995,-50243,-50540,-50856,-51124,-51420,-51941,-52170,-43217,-43574,-44009,-44277,-44518,-44646,-46186,-46686,-46907,-47588,-48097,-48391,-49054,-49436,-49726,-49726,-50287,-50562,-50840,-50767,-51426,-51730,-51933,-52036,-52279,-52537,-52700,-53033,-53330,-53639,-53762,-53918,-54099,-54333,-54487,-54647,-54745,-54976,-54976,-55714,-55881,-55874,-55941,-56241,-56633,-56786,-56684,-57585,-57585,-57745,-57929,-57946,-58009,-57504,-57498,-57498,-57025,-56882,-56839,-56640,-56382,-56166,-55810,-55811,-55792,-55669,-55628,-55585,-55519,-55172,-55216,-55257,-55325,-54852,-55003,-55183,-55201,-55215,-55186,-55250,-55291,-55283,-55340,-55043,-55080,-55009,-55099,-55158,-55111,-55170,-55216,-55154,-55217,
Konya,37.87230952,32.49598144,0,0,0,0,0,0,0,0,0,0,0,0,0,0,0,0,0,0,0,0,0,0,0,0,0,0,0,0,0,0,0,0,0,0,0,0,0,0,0,0,0,0,0,0,0,0,0,0,0,0,0,0,0,0,0,0,0,0,-44305,-48608,-52412,-59968,-67954,-68929,-68582,-68527,-68652,-69431,-69809,-70612,-72712,-73403,-73672,-74672,-75587,-78751,-79460,-83390,-87501,-89000,-90513,-92157,-94291,-94733,-95376,-96510,-97224,-97990,-99212,-99990,-101934,-102205,-102522,-102835,-103056,-103411,-103674,-104029,-104360,-104565,-104873,-105633,-105902,-106456,-106889,-107382,-107515,-107599,-107664,-104431,-97018,-94377,-91778,-89757,-88821,-89934,-90160,-90452,-90452,-91997,-94799,-96510,-97029,-99293,-100971,-101335,-101552,-102097,-102469,-102756,-103132,-103430,-103915,-104270,-104856,-105291,-105695,-105971,-106159,-106443,-106641,-106641,-106485,-106756,-106345,-106227,-106160,-106345,-106426,-106312,-108234,-108234,-108419,-108637,-108876,-109124,-108828,-109127,-109127,-109176,-109304,-109488,-109679,-109800,-110051,-110276,-110510,-110826,-110996,-111332,-111399,-111657,-118231,-112136,-112392,-112765,-112952,-113250,-113736,-113776,-113828,-113838,-113985,-114255,-114288,-115097,-115127,-115229,-115568,-116198,-117215,-117509,-117661,-117795,-117863,-117952,
Kutahya,39.41958513,29.98437311,0,0,0,0,0,0,0,0,0,0,0,0,0,0,0,0,0,0,0,0,0,0,0,0,0,0,0,0,0,0,0,0,0,0,0,0,0,0,0,0,0,0,0,0,0,0,0,0,0,0,0,0,0,0,0,0,0,0,-210,-226,-249,-261,-277,-273,-276,-273,-284,-337,-348,-347,-359,-372,-364,-371,-373,-382,-385,-450,-450,-450,-463,-482,-506,-524,-535,-576,-602,-631,-631,-631,-687,-708,-727,-750,-752,-754,-754,-756,-760,-766,-765,-768,-764,-767,-776,-784,-549,-563,-579,-608,-627,-649,-651,-667,-672,-679,-687,-716,-716,-717,-717,-717,-722,-742,-755,-763,-772,-786,-792,-789,-788,-789,-792,-801,-788,-779,-785,-787,-789,-790,-790,-790,-777,-784,-784,-784,-784,-803,-807,-808,-829,-829,-827,-833,-838,-832,-832,-842,-842,-868,-893,-914,-940,-985,-995,-996,-1025,-1081,-1245,-1415,-1443,-1512,-2014,-1517,-1596,-1685,-1755,-1811,-1852,-1852,-1852,-1849,-1848,-1848,-1848,-1971,-1924,-1920,-1940,-1998,-2029,-2037,-2032,-2023,-2030,-2027,
Malatya,38.34149964,38.31344637,0,0,0,0,0,0,0,0,0,0,0,0,0,0,0,0,0,0,0,0,0,0,0,0,0,0,0,0,0,0,0,0,0,0,0,0,0,0,-500,-616,-616,-616,-1516,-1516,-2301,-3946,-4514,-4646,-4778,-4778,-4778,-4778,-4778,-4778,-4778,-4778,-4778,-4778,-16019,-16753,-17339,-17631,-17998,-18081,-18286,-18291,-18396,-19000,-19633,-20952,-21840,-21983,-22072,-22206,-22320,-22570,-22669,-22994,-23483,-23684,-23733,-23754,-23853,-23945,-24049,-24539,-25024,-25590,-26323,-27287,-29024,-29678,-29767,-29845,-29843,-29854,-29902,-29966,-30005,-29997,-30031,-30104,-30141,-25860,-26007,-26113,-26176,-26221,-26231,-26341,-26468,-26489,-26576,-26666,-26741,-26894,-26937,-26997,-26997,-27142,-27163,-27195,-27210,-27767,-27818,-27928,-28088,-28236,-28360,-28485,-28634,-28760,-28881,-28999,-29109,-29203,-29356,-29430,-29490,-29534,-29581,-29581,-29673,-29687,-29668,-29669,-29664,-29701,-29708,-29713,-29989,-29989,-29516,-28713,-28676,-28597,-28507,-28297,-28297,-28093,-28097,-28123,-28133,-28172,-28159,-28171,-28237,-28265,-28351,-28485,-28544,-28538,-30299,-28594,-28640,-28721,-28874,-28915,-28992,-28990,-29002,-29012,-29097,-29196,-29203,-29310,-29497,-29523,-29565,-29698,-29888,-30030,-30070,-30116,-30220,-30247,
Manisa,38.6222699,27.43365656,0,0,0,0,0,0,0,0,0,0,0,0,0,0,0,0,0,0,0,0,0,0,0,0,0,0,0,0,0,0,0,0,0,0,0,0,0,0,0,0,0,0,0,0,0,0,0,0,0,0,0,0,0,0,0,0,0,0,-4367,-4843,-5216,-5413,-5532,-5654,-5637,-5682,-5725,-5809,-5839,-5969,-6127,-6708,-6690,-6722,-6830,-6982,-7039,-7334,-7478,-7533,-7576,-7592,-7686,-7746,-7813,-8533,-8647,-8945,-8945,-8945,-9192,-9426,-9933,-10133,-10308,-10488,-10609,-10815,-10970,-11098,-11218,-11501,-11616,-11888,-12007,-12100,-12117,-12150,-12162,-12190,-12212,-12247,-12283,-12346,-12413,-12466,-12569,-12589,-12589,-12661,-12738,-12779,-12816,-12839,-12889,-12905,-12924,-12979,-13000,-13026,-13076,-13162,-13239,-13284,-13312,-13412,-13452,-13465,-13475,-13492,-13518,-13518,-13724,-13774,-13675,-13639,-13596,-13729,-13790,-13850,-14398,-14398,-14429,-14451,-14488,-14481,-14488,-14515,-14515,-14547,-14603,-14633,-14685,-14673,-14681,-14739,-14826,-14871,-14910,-13041,-13061,-13059,-13688,-13017,-13075,-13196,-13193,-13245,-13295,-13302,-13300,-13299,-13293,-13323,-13325,-13473,-13524,-13527,-13548,-13646,-13622,-13630,-13626,-13612,-13650,-13657,
Mardin,37.31228804,40.7377871,0,0,0,0,0,0,0,0,0,0,0,0,0,0,0,0,0,0,0,0,0,0,0,0,0,0,0,0,0,0,0,0,0,0,-38519,-39024,-39024,-39024,-39293,-39293,-39293,-39293,-39293,-39293,-39293,-39293,-39293,-52902,-55660,-55660,-55660,-55660,-55660,-55660,-55660,-55660,-55660,-55660,-94710,-93239,-95022,-96847,-97746,-97190,-95026,-94224,-93750,-93057,-93184,-93536,-94261,-94345,-94382,-94784,-94923,-95999,-96042,-95566,-93509,-92259,-90998,-90340,-90342,-90359,-90382,-90455,-90518,-90586,-90647,-90701,-90968,-91049,-91251,-91457,-91446,-91526,-91851,-92764,-92833,-92736,-92738,-92719,-92743,-92825,-92912,-92986,-92846,-92763,-92394,-92417,-92417,-92196,-92021,-91832,-91827,-91955,-92031,-92060,-92060,-92040,-92108,-92069,-91723,-91520,-91323,-91106,-90842,-90713,-90439,-90254,-90112,-90046,-90018,-90041,-90120,-89999,-89858,-89881,-89891,-89829,-89806,-89806,-89341,-89404,-88618,-88222,-87504,-87077,-87079,-87096,-87411,-87411,-87507,-87605,-87572,-87586,-87576,-87553,-87553,-87589,-87683,-87752,-87867,-88005,-87983,-88003,-88112,-88001,-88034,-88033,-88027,-88097,-89031,-87960,-88036,-88148,-88032,-87517,-88210,-88231,-88242,-88235,-88267,-88353,-88355,-88629,-88769,-88782,-88780,-88893,-89006,-88883,-88872,-88897,-88942,-88953,
Mersin,36.8012521,34.63377525,0,0,0,0,0,0,0,0,0,0,0,0,0,0,0,0,0,0,0,0,0,0,0,0,0,0,0,0,0,0,0,0,0,0,-8000,-8000,-8000,-8000,-8000,-8000,-8000,-8000,-8000,-44567,-54696,-54696,-54696,-54696,-54696,-54696,-54696,-54696,-54696,-54696,-54696,-54696,-54696,-54696,-122876,-127216,-130943,-134368,-138617,-139173,-138579,-137535,-137257,-135536,-136814,-140480,-145973,-146599,-147907,-149203,-149929,-152978,-154610,-160837,-166332,-168357,-170670,-173191,-177359,-179534,-181287,-186010,-188636,-191263,-191263,-191684,-194636,-195857,-197611,-199976,-201377,-203229,-204074,-204694,-205240,-205784,-206281,-207318,-207364,-207567,-207741,-207988,-208139,-208334,-208338,-208687,-209150,-209420,-209325,-209089,-208556,-208587,-208523,-208267,-208267,-207420,-206949,-206948,-207064,-207021,-206966,-206974,-206861,-206752,-206700,-206672,-206599,-206542,-206430,-206014,-206033,-206142,-206220,-206445,-206277,-206146,-206241,-206241,-205748,-205822,-204253,-203502,-202117,-201601,-201689,-201189,-201607,-201607,-201887,-202173,-202503,-202678,-202914,-203533,-203533,-203908,-204255,-204313,-204291,-204770,-205036,-205154,-205473,-205929,-206752,-207680,-207834,-207923,-223308,-207700,-208055,-208696,-208879,-208425,-210623,-210654,-210833,-210904,-211231,-211674,-211722,-213353,-214920,-215244,-216253,-217952,-219692,-220578,-220990,-221418,-222172,-222554,
Mugla,37.21596622,28.36262115,0,0,0,0,0,0,0,0,0,0,0,0,0,0,0,0,0,0,0,0,0,0,0,0,0,0,0,0,0,0,0,0,0,0,0,0,0,0,0,0,0,0,0,0,0,0,0,0,0,0,0,0,0,0,0,0,0,0,-7086,-7723,-7856,-7973,-8090,-8179,-8194,-8216,-8210,-8251,-8320,-8614,-9052,-9586,-9783,-10000,-10054,-10407,-10538,-10964,-11324,-11450,-11536,-11631,-11884,-12012,-12116,-12393,-12628,-12786,-12886,-12970,-13071,-13086,-13101,-13124,-13160,-13177,-13179,-13200,-13200,-13194,-13231,-13287,-13306,-13397,-13420,-13413,-13423,-13426,-13429,-13428,-13439,-13462,-13478,-13486,-13508,-13536,-13555,-13563,-13563,-13577,-13589,-13601,-13625,-13650,-13673,-13694,-13696,-13728,-13844,-13906,-13991,-14063,-14106,-14144,-14212,-14270,-14348,-14362,-14390,-14438,-14460,-14460,-14525,-14567,-14499,-14477,-14466,-14500,-14534,-14555,-14969,-14969,-15018,-15078,-15139,-15167,-15232,-15332,-15332,-15401,-15479,-15508,-15523,-15560,-15605,-15619,-15621,-15625,-15615,-11200,-11213,-11228,-11273,-11161,-11180,-11205,-11177,-11191,-11215,-11216,-11218,-11227,-11246,-11269,-11274,-11290,-11279,-11297,-11235,-11261,-11256,-11244,-11245,-11251,-11273,-11278,
Mus,38.73219587,41.48897827,0,0,0,0,0,0,0,0,0,0,0,0,0,0,0,0,0,0,0,0,0,0,0,0,0,0,0,0,0,0,0,0,0,0,0,0,0,0,0,0,0,0,0,0,0,0,0,0,0,0,0,0,0,0,0,0,0,0,-605,-641,-649,-669,-667,-725,-682,-664,-686,-766,-814,-858,-858,-858,-877,-884,-886,-886,-889,-935,-975,-996,-1010,-1026,-1056,-1069,-1088,-1116,-1144,-1151,-1164,-1202,-1292,-1303,-1305,-1304,-1306,-1306,-1315,-1328,-1330,-1352,-1351,-1362,-1371,-1402,-1411,-1430,-1434,-1435,-1435,-1266,-1266,-1209,-1164,-1144,-1186,-1211,-1241,-1260,-1260,-1298,-1320,-1323,-1320,-1335,-1343,-1346,-1349,-1345,-1358,-1366,-1361,-1368,-1379,-1394,-1389,-1387,-1389,-1388,-1387,-1391,-1394,-1394,-1376,-1368,-1369,-1371,-1382,-1390,-1400,-1400,-1416,-1467,-1431,-1443,-1459,-1461,-1467,-1484,-1484,-1499,-1504,-1504,-1505,-1503,-1504,-1504,-1509,-1512,-1513,-1518,-1521,-1530,-1595,-1529,-1529,-1530,-1525,-1525,-1520,-1522,-1523,-1523,-1524,-1527,-1528,-1538,-1539,-1540,-1551,-1569,-1580,-1596,-1597,-1597,-1597,-1597,
Nevsehir,38.629576,34.72325927,0,0,0,0,0,0,0,0,0,0,0,0,0,0,0,0,0,0,0,0,0,0,0,0,0,0,0,0,0,0,0,0,0,0,0,0,0,0,0,0,0,0,0,0,0,0,0,0,0,0,0,0,0,0,0,0,0,0,-3397,-3958,-4296,-4633,-4899,-4895,-5185,-5199,-5237,-5322,-5428,-5823,-6189,-6607,-6644,-6708,-6719,-6806,-6842,-7078,-7172,-7213,-7255,-7295,-7407,-7429,-7463,-7538,-7608,-7680,-7745,-7804,-8051,-8259,-8475,-8504,-8519,-8687,-8673,-8683,-8659,-9647,-8670,-8696,-8705,-8755,-8790,-8792,-8823,-8882,-8901,-8896,-8903,-8916,-8941,-8964,-9015,-9048,-9073,-9112,-9112,-9156,-9187,-9209,-9187,-9267,-9283,-9288,-9314,-9355,-9373,-9414,-9442,-9456,-9485,-9520,-9541,-9549,-9545,-9572,-9599,-9625,-9641,-9641,-9722,-9737,-9652,-9611,-9542,-9535,-9566,-9575,-9731,-9731,-9781,-9804,-9848,-9885,-9910,-9939,-9939,-10006,-10019,-10037,-10070,-10163,-10192,-10260,-10307,-10335,-10436,-9729,-9744,-9784,-11450,-9893,-9929,-10023,-10080,-10154,-10259,-10270,-10281,-10284,-10320,-10372,-10378,-10567,-10759,-10798,-10900,-10979,-11110,-11197,-11204,-11235,-11345,-11383,
Nigde,37.97004239,34.6766525,0,0,0,0,0,0,0,0,0,0,0,0,0,0,0,0,0,0,0,0,0,0,0,0,0,0,0,0,0,0,0,0,0,0,0,0,0,0,0,0,0,0,0,0,0,0,0,0,0,0,0,0,0,0,0,0,0,0,-2019,-2206,-2266,-2361,-2426,-2641,-2667,-2719,-2912,-3051,-3122,-3315,-3419,-3424,-3495,-3590,-724,-3809,-3893,-4241,-4332,-4375,-4416,-4437,-4553,-4601,-4645,-4726,-4762,-4796,-4825,-4864,-4976,-5002,-4967,-4945,-4943,-4945,-4941,-4908,-4886,-4876,-4853,-4866,-4860,-4864,-4875,-3553,-3570,-3607,-3624,-3678,-3720,-3767,-3779,-3800,-3823,-3953,-3988,-4020,-4020,-4053,-4075,-4078,-4075,-4137,-4174,-4179,-4194,-4229,-4258,-4269,-4331,-4340,-4364,-4404,-4456,-4485,-4497,-4511,-4486,-4478,-4499,-4499,-4484,-4474,-4471,-4467,-4461,-4467,-4496,-4500,-4652,-4652,-4674,-4713,-4729,-4739,-4752,-4778,-4778,-4793,-4856,-4864,-4888,-4928,-4950,-4935,-4948,-4960,-5003,-5036,-5044,-5049,-5897,-5059,-5075,-5103,-5139,-5152,-5192,-5194,-5195,-5197,-5198,-5210,-5210,-5247,-5286,-5298,-5329,-5416,-5718,-5790,-5800,-5818,-5869,-5879,
Ordu,40.98442574,37.87781117,0,0,0,0,0,0,0,0,0,0,0,0,0,0,0,0,0,0,0,0,0,0,0,0,0,0,0,0,0,0,0,0,0,0,0,0,0,0,0,0,0,0,0,0,0,0,0,0,0,0,0,0,0,0,0,0,0,0,-300,-390,-423,-484,-514,-619,-595,-595,-605,-613,-618,-627,-668,-727,-724,-729,-729,-742,-740,-739,-739,-739,-739,-739,-759,-768,-774,-792,-798,-799,-799,-799,-814,-832,-835,-828,-828,-830,-824,-825,-818,-824,-821,-825,-826,-826,-823,-826,-563,-574,-578,-586,-592,-602,-615,-617,-624,-627,-633,-634,-634,-633,-636,-639,-636,-654,-660,-666,-662,-665,-674,-669,-667,-658,-652,-659,-663,-663,-669,-671,-671,-672,-673,-673,-688,-689,-679,-674,-665,-662,-667,-664,-668,-668,-673,-665,-684,-689,-691,-683,-683,-710,-726,-780,-847,-856,-875,-879,-885,-886,-880,-877,-877,-881,-919,-879,-879,-881,-876,-877,-889,-892,-892,-893,-894,-901,-901,-905,-894,-897,-901,-899,-905,-903,-912,-918,-917,-917,
Osmaniye,37.07503179,36.24845486,0,0,0,0,0,0,0,0,0,0,0,0,0,0,0,0,0,0,0,0,0,0,0,0,0,0,0,0,0,0,0,0,0,0,-9026,-9026,-9026,-9026,-11794,-12394,-12394,-12394,-15999,-16518,-17808,-18796,-19206,-19344,-19715,-19715,-19715,-19715,-19715,-19715,-19715,-19715,-19715,-19715,-34445,-36996,-38263,-38940,-39970,-40513,-40140,-39904,-39792,-40101,-40636,-41846,-43306,-43698,-44241,-44974,-45227,-45881,-46283,-46754,-46818,-46830,-46847,-46863,-47011,-47115,-47299,-47867,-48347,-48888,-49554,-49888,-51767,-52081,-52751,-52920,-53006,-53202,-53391,-53629,-53824,-54086,-54196,-54464,-54453,-54492,-54513,-54586,-54555,-54439,-54175,-51287,-50745,-50081,-49387,-48491,-46741,-47401,-46989,-47118,-47118,-47300,-47514,-47736,-47776,-47905,-48055,-48162,-48299,-48710,-48811,-48874,-48915,-48958,-48958,-48994,-49064,-49073,-49010,-49014,-49051,-49072,-49035,-49035,-48926,-48921,-48820,-48763,-48662,-48617,-48573,-48572,-49801,-49801,-50295,-50822,-50934,-51160,-51195,-51268,-51268,-51131,-51138,-51123,-51041,-50928,-50821,-50752,-50628,-50492,-50008,-49863,-49736,-49711,-47401,-49690,-49749,-49858,-49599,-49544,-49544,-49547,-49550,-49542,-49579,-49617,-49545,-48920,-48363,-48377,-48175,-48198,-47805,-47784,-47801,-47810,-47613,-47656,
Rize,41.02384882,40.52051182,0,0,0,0,0,0,0,0,0,0,0,0,0,0,0,0,0,0,0,0,0,0,0,0,0,0,0,0,0,0,0,0,0,0,0,0,0,0,0,0,0,0,0,0,0,0,0,0,0,0,0,0,0,0,0,0,0,0,-351,-419,-450,-504,-516,-512,-541,-569,-583,-591,-599,-631,-643,-662,-662,-668,-670,-680,-687,-757,-760,-763,-763,-763,-768,-779,-798,-836,-834,-834,-839,-850,-897,-896,-898,-914,-917,-916,-918,-918,-914,-915,-923,-912,-909,-908,-915,-916,-916,-892,-861,-787,-787,-766,-746,-764,-761,-769,-783,-785,-785,-786,-800,-806,-814,-814,-820,-824,-830,-828,-842,-847,-846,-851,-858,-858,-856,-856,-868,-869,-871,-883,-889,-889,-893,-902,-901,-901,-905,-907,-919,-920,-926,-926,-929,-951,-971,-962,-970,-977,-977,-989,-1004,-1008,-1032,-1035,-1040,-1037,-1037,-1042,-1045,-1045,-1046,-1048,-1096,-1045,-1046,-1048,-1054,-1059,-1062,-1064,-1065,-1065,-1065,-1075,-1075,-1065,-1053,-1053,-1059,-1072,-1094,-1098,-1103,-1103,-1094,-1094,
Sakarya,40.78055731,30.39998569,0,0,0,0,0,0,0,0,0,0,0,0,0,0,0,0,0,0,0,0,0,0,0,0,0,0,0,0,0,0,0,0,0,0,0,0,0,0,0,0,0,0,0,0,0,0,0,0,0,0,0,0,0,0,0,0,0,0,-2497,-3991,-4558,-5010,-5474,-5872,-5867,-5883,-6103,-6472,-6639,-7212,-7945,-8099,-8269,-8457,-8488,-8597,-8659,-9104,-9561,-9900,-10097,-10199,-10319,-10371,-10432,-10651,-10889,-11295,-11753,-11953,-12750,-12763,-12772,-12832,-12850,-12926,-13013,-13061,-13133,-13174,-13224,-13410,-13468,-13589,-13698,-13778,-13811,-13855,-13855,-13900,-14001,-14060,-14093,-14130,-14175,-14204,-14297,-14379,-14379,-14725,-14787,-14849,-14787,-14867,-14881,-14904,-15008,-15121,-15219,-15249,-15332,-15401,-15474,-15536,-15603,-15593,-15691,-15746,-15760,-15784,-15824,-15824,-15904,-15953,-15899,-15879,-15856,-15896,-15922,-15928,-15999,-15999,-16090,-16270,-16303,-16375,-16434,-16486,-16486,-16530,-16481,-16484,-16463,-16451,-16404,-16355,-16354,-16350,-16332,-14953,-14980,-15001,-15407,-15050,-15101,-15156,-15123,-15156,-15181,-15180,-15173,-15160,-15182,-15226,-15230,-15318,-15300,-15312,-15323,-15367,-15362,-15389,-15396,-15401,-15420,-15434,
Samsun,41.28983163,36.33806223,0,0,0,0,0,0,0,0,0,0,0,0,0,0,0,0,0,0,0,0,0,0,0,0,0,0,0,0,0,0,0,0,0,0,0,0,0,0,0,0,0,0,0,0,0,0,0,0,0,0,0,0,0,0,0,0,0,0,-2190,-2471,-2784,-3184,-3297,-3246,-3314,-3328,-3471,-3696,-3873,-4050,-4247,-4293,-4372,-4432,-4432,-4531,-4546,-4650,-4724,-4753,-4779,-4800,-4850,-4879,-4901,-4957,-5001,-5027,-5054,-5075,-5279,-5499,-5600,-5608,-5620,-5668,-5703,-5723,-5755,-5809,-5839,-5838,-5839,-5868,-5887,-5906,-5900,-4326,-3460,-3578,-3658,-3705,-3851,-3920,-3982,-3996,-4088,-4185,-4185,-4552,-4632,-4654,-4733,-4870,-4952,-4992,-5068,-5137,-5186,-5245,-5316,-5374,-5413,-5411,-5440,-5482,-5547,-5561,-5568,-5584,-5594,-5594,-5676,-5687,-5655,-5646,-5649,-5700,-5703,-5715,-5852,-5852,-5852,-5865,-5908,-5954,-5992,-6071,-6071,-6162,-6242,-6256,-6261,-6313,-6338,-6358,-6383,-6416,-6473,-6502,-6510,-6527,-7505,-6542,-6555,-6580,-6623,-6645,-6687,-6686,-6687,-6690,-6701,-6718,-6723,-6792,-6856,-6884,-6991,-7125,-7212,-7269,-7304,-7329,-7426,-7461,
Sanliurfa,37.92535991,41.94277964,0,0,0,0,0,0,0,0,0,0,0,0,0,0,0,0,0,0,0,0,0,0,0,0,0,0,0,0,0,0,0,0,0,0,-80302,-87163,-87163,-87163,-106822,-108349,-108349,-108349,-194780,-198051,-198051,-198051,-215514,-215514,-243257,-243257,-243257,-243257,-243257,-243257,-243257,-243257,-243257,-243257,-382133,-378691,-386179,-396365,-401050,-398702,-398612,-395618,-395527,-397812,-400887,-407275,-416906,-420532,-420530,-421919,-425542,-432239,-435068,-442124,-445584,-446789,-447753,-448975,-451731,-453079,-454184,-457225,-459327,-461226,-462077,-462961,-466565,-468274,-470396,-472628,-473748,-477209,-477355,-477489,-477202,-477161,-476793,-476745,-476836,-475916,-475796,-475954,-475782,-475800,-474531,-474077,-473952,-473497,-472833,-471955,-470730,-470827,-470296,-469215,-469215,-469127,-469085,-468983,-469096,-469029,-469012,-468725,-467592,-464655,-461847,-460064,-458404,-456754,-455543,-454553,-453628,-453083,-452531,-452675,-452631,-452746,-452534,-452534,-451501,-451434,-449019,-447622,-444923,-443565,-442783,-441792,-430237,-430237,-429735,-428811,-428493,-428529,-428111,-428007,-428007,-428018,-428299,-428684,-428929,-429717,-429888,-429890,-430049,-430232,-429921,-428306,-427696,-427091,-421815,-427091,-424251,-425557,-424635,-424596,-422729,-422470,-422864,-423109,-421229,-420779,-420722,-420621,-420867,-420480,-421156,-421556,-419877,-420401,-420593,-420743,-421410,-421586,
Siirt,42.02687076,35.15196451,0,0,0,0,0,0,0,0,0,0,0,0,0,0,0,0,0,0,0,0,0,0,0,0,0,0,0,0,0,0,0,0,0,0,0,0,0,0,0,0,0,0,0,0,0,0,0,0,0,0,0,0,0,0,0,0,0,0,-2594,-2684,-2708,-2771,-2839,-2844,-2811,-2801,-2887,-3063,-3119,-3229,-3326,-3372,-3394,-3417,-3417,-3438,-3439,-3447,-3447,-3455,-3461,-3467,-3484,-3503,-3515,-3583,-3619,-3657,-3691,-3735,-3939,-4023,-4248,-4470,-4488,-4488,-4500,-4502,-4511,-4516,-4514,-4485,-4492,-4516,-4527,-4518,-4522,-4519,-4519,-3863,-3808,-3742,-3656,-3556,-3525,-3546,-3587,-3604,-3604,-3610,-3634,-3646,-3671,-3708,-3755,-3756,-3820,-3852,-3874,-3897,-3892,-3902,-3920,-3907,-3911,-3912,-3898,-3904,-3915,-3924,-3944,-3944,-3955,-3966,-3967,-3972,-3989,-3998,-4029,-4034,-4137,-4137,-4084,-4084,-4093,-4094,-4053,-4062,-4062,-4067,-4098,-4105,-4118,-4154,-4174,-4183,-4196,-4208,-4216,-4216,-4220,-4229,-4431,-4226,-4226,-4239,-4221,-4218,-4218,-4221,-4223,-4221,-4241,-4253,-4253,-4290,-4287,-4294,-4303,-4346,-4392,-4439,-4446,-4442,-4427,-4424,
Sinop,39.75028773,37.01579997,0,0,0,0,0,0,0,0,0,0,0,0,0,0,0,0,0,0,0,0,0,0,0,0,0,0,0,0,0,0,0,0,0,0,0,0,0,0,0,0,0,0,0,0,0,0,0,0,0,0,0,0,0,0,0,0,0,0,-38,-52,-60,-59,-64,-71,-68,-67,-67,-68,-69,-71,-73,-82,-81,-82,-82,-84,-84,-86,-86,-86,-88,-88,-97,-103,-103,-111,-111,-113,-113,-113,-120,-124,-125,-126,-129,-129,-129,-128,-128,-128,-127,-118,-118,-115,-116,-96,-96,-101,-101,-104,-104,-105,-107,-111,-111,-113,-114,-114,-114,-114,-115,-115,-120,-119,-122,-122,-122,-122,-117,-117,-117,-119,-119,-119,-122,-123,-125,-125,-125,-125,-126,-126,-131,-131,-131,-130,-128,-127,-128,-128,-142,-142,-146,-147,-140,-141,-141,-144,-144,-149,-153,-153,-163,-164,-168,-169,-172,-172,-171,-171,-170,-171,-208,-173,-175,-177,-180,-190,-196,-196,-196,-196,-197,-197,-197,-197,-196,-197,-192,-192,-193,-200,-200,-199,-201,-208,
Sirnak,37.15359456,38.78603793,0,0,0,0,0,0,0,0,0,0,0,0,0,0,0,0,0,0,0,0,0,0,0,0,0,0,0,0,0,0,0,0,0,0,0,0,0,0,0,0,0,0,0,0,0,0,0,0,0,0,0,0,0,0,0,0,0,0,-16748,-14436,-14559,-14601,-14838,-14740,-14567,-14483,-14447,-14357,-14317,-14338,-14381,-14403,-14671,-14885,-14908,-15040,-15098,-14999,-14939,-14923,-14909,-14864,-14839,-14832,-14825,-14828,-14828,-14828,-14860,-14860,-14897,-14894,-14876,-14873,-14873,-14873,-14878,-14869,-14859,-14840,-14831,-14825,-14818,-14823,-14873,-14929,-14937,-14934,-14924,-14929,-14932,-14934,-14929,-14918,-14929,-14943,-14964,-15020,-15020,-15043,-15088,-15103,-15168,-15153,-15168,-15186,-15180,-15173,-15167,-15170,-15261,-15268,-15267,-15269,-15318,-15325,-15321,-15324,-15328,-15353,-15363,-15363,-15386,-15373,-15250,-15190,-15062,-15009,-15007,-15016,-15013,-15013,-15019,-15028,-15027,-15036,-15027,-15023,-15023,-15023,-15028,-15038,-15033,-15017,-15020,-15021,-15013,-15012,-15003,-14991,-14997,-14997,-15000,-14984,-14991,-14996,-14968,-14933,-14973,-14974,-14976,-14969,-14969,-14976,-14976,-14980,-14960,-14958,-14956,-14994,-14996,-14994,-14997,-14993,-14995,-14997,
Sivas,37.52225849,42.45675607,0,0,0,0,0,0,0,0,0,0,0,0,0,0,0,0,0,0,0,0,0,0,0,0,0,0,0,0,0,0,0,0,0,0,0,0,0,0,0,0,0,0,0,0,0,0,0,0,0,0,0,0,0,0,0,0,0,0,-765,-974,-1072,-1193,-1251,-1389,-1466,-1546,-1704,-1911,-2063,-2216,-2431,-2540,-2564,-2622,-2667,-2775,-2829,-3369,-3770,-3796,-3810,-3822,-3856,-3880,-3900,-3950,-3975,-3996,-4014,-4030,-4117,-4164,-4219,-4317,-4321,-4321,-4313,-4325,-4328,-4345,-4346,-4340,-4357,-4376,-4379,-3114,-3144,-3219,-3219,-3357,-3423,-3472,-4027,-3842,-3684,-3714,-3742,-3735,-3735,-3751,-3750,-3750,-3767,-3815,-3822,-3811,-3804,-3814,-3839,-3859,-3893,-3904,-3892,-3911,-3922,-3944,-3965,-3960,-3970,-3977,-3987,-3987,-4017,-4016,-4001,-3996,-3988,-3980,-3988,-3982,-4094,-4094,-4097,-4088,-4064,-4063,-4057,-4069,-4069,-4050,-4065,-4067,-4047,-4049,-4044,-4024,-3934,-3712,-3585,-3594,-3594,-3585,-3546,-3559,-3561,-3565,-3532,-3528,-3534,-3534,-3537,-3537,-3552,-3557,-3558,-3546,-3527,-3529,-3514,-3535,-3551,-3559,-3561,-3567,-3554,-3556,
Tekirdag,40.97555584,27.50939091,0,0,0,0,0,0,0,0,0,0,0,0,0,0,0,0,0,0,0,0,0,0,0,0,0,0,0,0,0,0,0,0,0,0,0,0,0,0,0,0,0,0,0,0,0,0,0,0,0,0,0,0,0,0,0,0,0,0,-3810,-4385,-4699,-4962,-5331,-5282,-5312,-5350,-5473,-5607,-5703,-5973,-6338,-6461,-6709,-6904,-7010,-7135,-7176,-7441,-7628,-7702,-7766,-7827,-7944,-8002,-8063,-8169,-8234,-8340,-8492,-8613,-8838,-8923,-9048,-9551,-9574,-9620,-9732,-9786,-9833,-9907,-10004,-10097,-10168,-10316,-10380,-10459,-10492,-10520,-10537,-10566,-10578,-10592,-10607,-10667,-10675,-10693,-10721,-10766,-10766,-10803,-10824,-10868,-10865,-11010,-11375,-11579,-11670,-11741,-11858,-11997,-12159,-12263,-12391,-12540,-12653,-12818,-13029,-13136,-13230,-13315,-13421,-13421,-13659,-13702,-13677,-13680,-13747,-13848,-13931,-13986,-14403,-14403,-14438,-14510,-14541,-14565,-14585,-14637,-14637,-14664,-14574,-14560,-14547,-14502,-14429,-14401,-14395,-14373,-14366,-12795,-12859,-12850,-12482,-12734,-12755,-12785,-12590,-12575,-12584,-12584,-12585,-12582,-12594,-12599,-12603,-12611,-12573,-12572,-12558,-12511,-12498,-12461,-12465,-12469,-12483,-12482,
Tokat,40.31414501,36.55247373,0,0,0,0,0,0,0,0,0,0,0,0,0,0,0,0,0,0,0,0,0,0,0,0,0,0,0,0,0,0,0,0,0,0,0,0,0,0,0,0,0,0,0,0,0,0,0,0,0,0,0,0,0,0,0,0,0,0,-334,-491,-534,-553,-602,-643,-670,-694,-678,-741,-779,-811,-858,-874,-870,-870,-870,-873,-873,-906,-920,-925,-936,-946,-963,-970,-981,-1008,-1036,-1042,-1054,-1058,-1071,-1077,-1080,-1085,-1087,-1087,-1090,-1090,-1093,-1094,-1093,-1090,-1098,-1103,-1107,-1108,-1108,-1111,-1114,-1000,-915,-930,-952,-963,-966,-972,-983,-989,-989,-994,-989,-992,-997,-997,-999,-1003,-983,-983,-985,-992,-985,-990,-994,-996,-996,-992,-993,-995,-991,-992,-1010,-1010,-980,-983,-988,-992,-1007,-1016,-1016,-1004,-1011,-1011,-1021,-1023,-1023,-1022,-1019,-1014,-1014,-1015,-1018,-1022,-1024,-1028,-1030,-1026,-1027,-1033,-1037,-1045,-1046,-1046,-1081,-1047,-1051,-1055,-1046,-1045,-1050,-1051,-1050,-1051,-1049,-1050,-1050,-1048,-1034,-1033,-1031,-1035,-1048,-1059,-1068,-1075,-1074,-1075,
Trabzon,41.00312506,39.70216635,0,0,0,0,0,0,0,0,0,0,0,0,0,0,0,0,0,0,0,0,0,0,0,0,0,0,0,0,0,0,0,0,0,0,0,0,0,0,0,0,0,0,0,0,0,0,0,0,0,0,0,0,0,0,0,0,0,0,-1080,-1308,-1402,-1460,-1557,-1653,-1697,-1748,-1781,-1904,-1968,-2084,-2166,-2186,-2318,-2336,-2349,-2363,-2366,-2489,-2554,-2562,-2567,-2574,-2596,-2609,-2619,-2646,-2664,-2688,-2707,-2720,-2772,-2799,-2834,-2965,-2971,-2998,-2986,-2994,-2993,-3000,-3012,-3027,-3047,-3073,-3080,-3097,-3110,-2898,-2906,-2664,-2532,-2580,-2608,-2655,-2685,-2706,-2723,-2752,-2752,-2794,-2791,-2817,-2801,-2878,-2897,-2924,-2942,-2948,-2968,-2979,-3005,-3011,-3014,-3016,-3031,-3042,-3045,-3061,-3063,-3077,-3080,-3080,-3097,-3102,-3101,-3102,-3102,-3125,-3136,-3142,-3236,-3236,-3244,-3271,-3273,-3272,-3274,-3313,-3313,-3305,-3310,-3310,-3314,-3295,-3304,-3305,-3316,-3334,-3355,-3363,-3365,-3362,-3468,-3355,-3361,-3367,-3370,-3382,-3390,-3391,-3392,-3397,-3400,-3405,-3407,-3444,-3417,-3422,-3406,-3398,-3405,-3422,-3429,-3441,-3459,-3467,
Tunceli,39.10720683,39.54622318,0,0,0,0,0,0,0,0,0,0,0,0,0,0,0,0,0,0,0,0,0,0,0,0,0,0,0,0,0,0,0,0,0,0,0,0,0,0,0,0,0,0,0,0,0,0,0,0,0,0,0,0,0,0,0,0,0,0,-89,-85,-86,-94,-95,-97,-94,-91,-89,-89,-88,-90,-92,-89,-96,-98,-98,-107,-107,-104,-104,-104,-104,-103,-103,-102,-102,-105,-109,-110,-110,-110,-99,-98,-98,-98,-98,-91,-91,-91,-91,-91,-91,-90,-87,-88,-88,-46,-45,-41,-41,-44,-44,-42,-44,-43,-44,-45,-47,-48,-48,-48,-48,-48,-49,-50,-50,-50,-51,-49,-49,-49,-49,-49,-49,-49,-56,-58,-56,-56,-56,-57,-57,-57,-59,-59,-59,-59,-60,-61,-61,-60,-55,-55,-54,-54,-54,-54,-54,-54,-54,-54,-54,-57,-57,-57,-57,-44,-46,-46,-46,-45,-45,-45,-38,-44,-44,-44,-42,-42,-43,-43,-43,-43,-43,-43,-43,-37,-37,-37,-38,-37,-38,-38,-38,-38,-38,-38,
Usak,38.67029295,29.40225099,0,0,0,0,0,0,0,0,0,0,0,0,0,0,0,0,0,0,0,0,0,0,0,0,0,0,0,0,0,0,0,0,0,0,0,0,0,0,0,0,0,0,0,0,0,0,0,0,0,0,0,0,0,0,0,0,0,0,-823,-982,-1012,-1052,-1069,-1055,-1103,-1121,-1132,-1185,-1205,-1222,-1300,-1317,-1462,-1527,-1527,-1665,-1763,-1829,-1881,-1900,-1913,-1932,-1958,-1981,-1997,-2032,-2049,-2078,-2126,-2169,-2230,-2271,-2318,-2337,-2343,-2359,-2376,-2380,-2381,-2389,-2412,-2449,-2474,-2513,-2527,-2581,-2594,-2605,-2606,-2272,-2150,-2105,-2050,-2050,-2091,-2091,-2132,-2190,-2190,-2204,-2216,-2235,-2221,-2225,-2229,-2249,-2248,-2252,-2261,-2276,-2292,-2300,-2305,-2305,-2273,-2276,-2290,-2311,-2326,-2326,-2340,-2340,-2343,-2344,-2333,-2329,-2324,-2323,-2310,-2318,-2337,-2337,-2341,-2344,-2349,-2371,-2368,-2365,-2365,-2390,-2390,-2390,-2400,-2443,-2452,-2457,-2462,-2479,-2482,-2493,-2497,-2490,-2672,-2490,-2493,-2505,-2505,-2515,-2505,-2505,-2505,-2500,-2496,-2504,-2504,-2509,-2484,-2485,-2490,-2530,-2603,-2622,-2629,-2640,-2652,-2649,
Van,38.5016373,43.39540891,0,0,0,0,0,0,0,0,0,0,0,0,0,0,0,0,0,0,0,0,0,0,0,0,0,0,0,0,0,0,0,0,0,0,0,0,0,0,0,0,0,0,0,0,0,0,0,0,0,0,0,0,0,0,0,0,0,0,-1372,-1404,-1450,-1510,-1549,-1556,-1504,-1520,-1532,-1587,-1601,-1645,-1808,-1848,-2104,-2285,-2306,-2440,-2483,-2595,-2651,-2663,-2677,-2689,-2713,-2728,-2741,-2778,-2806,-2804,-2833,-2849,-2873,-2875,-2870,-2878,-2881,-2892,-2896,-2903,-2905,-2906,-2908,-2899,-2902,-2891,-2895,-2894,-2893,-1893,-1898,-1844,-1784,-1763,-1796,-1808,-1862,-1874,-1891,-1945,-1945,-1966,-1985,-1982,-1999,-2016,-2030,-2051,-2059,-2081,-2089,-2102,-2098,-2102,-2092,-2099,-2095,-2091,-2110,-2120,-2127,-2126,-2130,-2130,-2136,-2136,-2134,-2133,-2129,-2127,-2138,-2141,-2132,-2132,-2136,-2148,-2140,-2144,-2152,-2147,-2147,-2153,-2151,-2154,-2165,-2167,-2176,-2173,-2164,-2161,-2174,-2176,-2178,-2167,-2211,-2183,-2193,-2200,-2198,-2191,-2221,-2222,-2225,-2226,-2227,-2229,-2230,-2266,-2235,-2240,-2226,-2248,-2246,-2244,-2241,-2243,-2247,-2246,
Yalova,40.65554242,29.27108119,0,0,0,0,0,0,0,0,0,0,0,0,0,0,0,0,0,0,0,0,0,0,0,0,0,0,0,0,0,0,0,0,0,0,0,0,0,0,0,0,0,0,0,0,0,0,0,0,0,0,0,0,0,0,0,0,0,0,-1839,-2154,-2206,-2337,-2475,-2450,-2435,-2442,-2517,-2574,-2601,-2703,-2861,-2883,-2930,-2951,-2985,-3092,-3103,-3167,-3258,-3272,-3279,-3279,-3305,-3315,-3329,-3366,-3391,-3430,-3484,-3527,-3647,-3689,-3698,-3726,-3733,-3760,-3770,-3785,-3793,-3799,-3807,-3831,-3844,-3844,-3848,-4513,-3882,-3885,-3890,-3435,-3313,-2859,-2794,-2772,-2807,-2841,-2865,-2946,-2946,-2986,-3039,-3057,-3102,-3136,-3212,-3231,-3242,-3280,-3311,-3334,-3366,-3393,-3411,-3435,-3443,-3482,-3515,-3526,-3540,-3548,-3554,-3554,-3620,-3627,-3628,-3633,-3663,-3691,-3705,-3723,-3769,-3769,-3782,-3811,-3840,-3863,-3882,-3905,-3905,-3912,-3916,-3902,-3903,-3899,-3894,-3890,-3893,-3891,-3885,-3881,-3881,-3887,-3910,-3887,-3879,-3884,-3852,-3853,-3857,-3858,-3859,-3857,-3865,-3868,-3868,-3889,-3899,-3900,-3877,-3885,-3892,-3898,-3893,-3892,-3898,-3902,
Yozgat,39.82322197,34.80762324,0,0,0,0,0,0,0,0,0,0,0,0,0,0,0,0,0,0,0,0,0,0,0,0,0,0,0,0,0,0,0,0,0,0,0,0,0,0,0,0,0,0,0,0,0,0,0,0,0,0,0,0,0,0,0,0,0,0,-1861,-2350,-2444,-2649,-2779,-2777,-2714,-2761,-2776,-2851,-2910,-3036,-3157,-3352,-3357,-3369,-3370,-3415,-3419,-3540,-3640,-3669,-3691,-3711,-3756,-3777,-3804,-3863,-3904,-3946,-3979,-4043,-4225,-4317,-4425,-4431,-4436,-4438,-4455,-4466,-4465,-4471,-4465,-4472,-4475,-4472,-4489,-4513,-4543,-3743,-3318,-3095,-3051,-3009,-3054,-3118,-3164,-3154,-3242,-3338,-3338,-3748,-3806,-3841,-3858,-3903,-3931,-3969,-3998,-4028,-4048,-4070,-4102,-4108,-4118,-4122,-4123,-4135,-4178,-4180,-4183,-4182,-4183,-4183,-4264,-4272,-4270,-4271,-4279,-4278,-4291,-4304,-4473,-4473,-4472,-4475,-4492,-4512,-4536,-4544,-4544,-4565,-4605,-4607,-4622,-4671,-4686,-4697,-4719,-4742,-4782,-4775,-4784,-4789,-5037,-4813,-4824,-4846,-4797,-4799,-4824,-4829,-4833,-4831,-4836,-4853,-4854,-4906,-4934,-4934,-4944,-4959,-4984,-4989,-4996,-4998,-5017,-5022,
Zonguldak,41.45203209,31.7819154,0,0,0,0,0,0,0,0,0,0,0,0,0,0,0,0,0,0,0,0,0,0,0,0,0,0,0,0,0,0,0,0,0,0,0,0,0,0,0,0,0,0,0,0,0,0,0,0,0,0,0,0,0,0,0,0,0,0,-158,-235,-258,-276,-295,-289,-292,-306,-300,-292,-299,-316,-328,-330,-348,-354,-354,-354,-354,-359,-359,-361,-361,-358,-358,-358,-358,-366,-379,-379,-379,-379,-423,-422,-433,-435,-440,-447,-455,-456,-463,-464,-466,-468,-466,-464,-465,-474,-316,-316,-319,-323,-324,-328,-329,-336,-372,-387,-410,-422,-422,-443,-453,-458,-464,-470,-479,-483,-489,-494,-505,-501,-507,-514,-515,-516,-524,-528,-542,-540,-537,-541,-541,-541,-553,-554,-554,-555,-560,-569,-570,-571,-591,-591,-588,-594,-596,-597,-595,-600,-600,-599,-601,-610,-612,-613,-616,-614,-621,-621,-623,-623,-623,-624,-677,-621,-623,-626,-621,-626,-633,-635,-635,-635,-634,-632,-632,-634,-650,-651,-649,-652,-661,-674,-676,-677,-681,-681,
"Adiyaman Camp, Adiyaman",37.541365,38.228537,0,0,0,0,0,0,0,0,0,0,0,0,0,0,0,0,0,0,2369,5690,6500,9163,9984,10027,9920,10056,10400,10072,10013,10014,10020,10242,10084,9851,9994,9910,9910,9910,9804,9959,9959,9959,9971,9918,10056,10079,9726,9856,9897,9897,9897,9897,9897,9897,9897,9897,9897,9897,,,,,,,,,,,,,,,,,,,,,,,,,,,,,,,,,,,,,,,,,,,,,,,,,,,,,,,,,,,,,,,,,,,,,,,,,,,,,,,,,,,,,,,,,,,,,,,,,,,,,,,,,,,,,,,,,,,,,,,,,,,,,,,,,,,,,,,,,,,
"Akcakale Camp, Sanliurfa",36.752805,38.949157,0,0,0,0,0,0,0,0,0,0,0,0,0,0,0,0,0,9923,11566,14312,20882,26499,30726,32553,34485,32925,33478,31053,28714,25117,26527,27527,26466,25140,25235,25391,25391,25391,25312,24687,24687,24687,26055,26230,26748,27174,27269,27349,27323,27323,27323,27323,27323,27323,27323,27323,27323,27323,,,,,,,,,,,,,,,,,,,,,,,,,,,,,,,,,,,,,,,,,,,,,,,,,,,,,,,,,,,,,,,,,,,,,,,,,,,,,,,,,,,,,,,,,,,,,,,,,,,,,,,,,,,,,,,,,,,,,,,,,,,,,,,,,,,,,,,,,,,
"Altinozu Boynuyogun, Hatay",36.184921,36.366133,0,0,0,0,0,1729,1734,1682,1982,1954,1960,2311,2390,2419,2475,2391,2435,2495,2750,2077,2077,1954,1960,1960,2390,2419,2475,1960,1960,1960,2499,2749,2801,2749,2698,2621,2621,2621,2601,2634,2634,2634,2596,2591,2604,2605,2660,2716,2767,2767,2767,2767,2767,2767,2767,2767,2767,2767,,,,,,,,,,,,,,,,,,,,,,,,,,,,,,,,,,,,,,,,,,,,,,,,,,,,,,,,,,,,,,,,,,,,,,,,,,,,,,,,,,,,,,,,,,,,,,,,,,,,,,,,,,,,,,,,,,,,,,,,,,,,,,,,,,,,,,,,,,,
"Altinozu Tekel, Hatay",36.130066,36.238039,0,0,0,0,0,1379,1210,1211,1225,1427,1385,1471,1512,1536,1469,1394,1410,1488,1576,1427,1427,1427,1388,1388,1512,1536,1469,1394,1410,1488,1576,1518,1566,1563,1469,1483,1483,1483,1394,1404,1404,1404,1390,1374,1382,1392,1390,1397,1378,1378,1378,1378,1378,1378,1378,1378,1378,1378,,,,,,,,,,,,,,,,,,,,,,,,,,,,,,,,,,,,,,,,,,,,,,,,,,,,,,,,,,,,,,,,,,,,,,,,,,,,,,,,,,,,,,,,,,,,,,,,,,,,,,,,,,,,,,,,,,,,,,,,,,,,,,,,,,,,,,,,,,,
"Apaydin, Hatay",36.235081,36.352589,0,0,0,0,0,2779,3308,3444,3295,3419,4062,4269,4477,4685,4630,4522,4951,4765,4766,3444,3295,3419,4062,4057,4477,4685,4630,4057,4057,4057,4805,4805,4805,4805,5098,4984,4984,4984,4804,5082,5082,5082,4605,5046,5153,5126,5144,5129,5168,5168,5168,5168,5168,5168,5168,5168,5168,5168,,,,,,,,,,,,,,,,,,,,,,,,,,,,,,,,,,,,,,,,,,,,,,,,,,,,,,,,,,,,,,,,,,,,,,,,,,,,,,,,,,,,,,,,,,,,,,,,,,,,,,,,,,,,,,,,,,,,,,,,,,,,,,,,,,,,,,,,,,,
"Ceylanpinar Camp, Sanliurfa",36.818525,39.926754,0,0,0,0,0,0,0,0,0,0,0,0,0,0,0,9653,13337,16603,19107,19198,29080,34613,38239,40818,43165,44547,45450,40452,35936,28324,23707,24878,20865,20524,20536,21694,21694,21694,20466,19299,19299,19299,18533,19036,19736,20305,20185,20006,19739,19739,19739,19739,19739,19739,19739,19739,19739,19739,,,,,,,,,,,,,,,,,,,,,,,,,,,,,,,,,,,,,,,,,,,,,,,,,,,,,,,,,,,,,,,,,,,,,,,,,,,,,,,,,,,,,,,,,,,,,,,,,,,,,,,,,,,,,,,,,,,,,,,,,,,,,,,,,,,,,,,,,,,
"Derik Camp, Mardin",37.363319,40.266748,0,0,0,0,0,0,0,0,0,0,0,0,0,0,0,0,0,0,0,0,0,0,0,0,0,0,0,0,0,0,0,0,0,0,0,0,0,0,0,0,0,0,0,0,0,0,470,2429,3850,3850,3850,3850,3850,3850,3850,3850,3850,3850,,,,,,,,,,,,,,,,,,,,,,,,,,,,,,,,,,,,,,,,,,,,,,,,,,,,,,,,,,,,,,,,,,,,,,,,,,,,,,,,,,,,,,,,,,,,,,,,,,,,,,,,,,,,,,,,,,,,,,,,,,,,,,,,,,,,,,,,,,,
"Harran Kokenli Container City, Sanliurfa",36.857791,39.021093,0,0,0,0,0,0,0,0,0,0,0,0,0,0,0,0,0,0,0,0,0,0,3003,11925,12342,12598,12730,13294,13362,13484,13584,13861,14074,14278,14195,12784,12784,12784,14340,14310,14310,14310,14265,13953,14045,14064,14015,14033,13782,13782,13782,13782,13782,13782,13782,13782,13782,13782,,,,,,,,,,,,,,,,,,,,,,,,,,,,,,,,,,,,,,,,,,,,,,,,,,,,,,,,,,,,,,,,,,,,,,,,,,,,,,,,,,,,,,,,,,,,,,,,,,,,,,,,,,,,,,,,,,,,,,,,,,,,,,,,,,,,,,,,,,,
"Kahramanmaras Camp, Kahramanmaras",37.56392,36.97095,0,0,0,0,0,0,0,0,0,0,0,0,0,0,0,0,0,0,11848,14851,15540,16935,16739,16739,15972,15547,15356,15105,15143,14961,14985,14955,15124,15060,15452,15515,15515,15515,16423,16777,16777,16777,17160,17244,17291,17421,17510,17284,17266,17266,17266,17266,17266,17266,17266,17266,17266,17266,,,,,,,,,,,,,,,,,,,,,,,,,,,,,,,,,,,,,,,,,,,,,,,,,,,,,,,,,,,,,,,,,,,,,,,,,,,,,,,,,,,,,,,,,,,,,,,,,,,,,,,,,,,,,,,,,,,,,,,,,,,,,,,,,,,,,,,,,,,
"Karkamis, Gaziantep",36.877097,38.026887,0,0,0,0,0,0,0,0,0,0,0,0,0,0,0,0,0,3108,6471,6754,6365,7016,7033,7683,8185,8005,8106,7447,7427,7440,7367,7419,7673,7787,7789,7669,7669,7669,7562,7534,7534,7534,7641,7639,7690,7687,7268,7220,7253,7253,7253,7253,7253,7253,7253,7253,7253,7253,,,,,,,,,,,,,,,,,,,,,,,,,,,,,,,,,,,,,,,,,,,,,,,,,,,,,,,,,,,,,,,,,,,,,,,,,,,,,,,,,,,,,,,,,,,,,,,,,,,,,,,,,,,,,,,,,,,,,,,,,,,,,,,,,,,,,,,,,,,
Kilis Transit Center,36.88,37.25,0,0,0,0,0,0,0,0,0,0,0,0,0,0,0,0,0,0,0,0,0,0,0,0,0,0,0,0,0,0,0,0,3098,0,0,0,0,0,0,0,0,0,0,0,0,0,0,0,0,0,0,0,0,0,0,0,0,0,,,,,,,,,,,,,,,,,,,,,,,,,,,,,,,,,,,,,,,,,,,,,,,,,,,,,,,,,,,,,,,,,,,,,,,,,,,,,,,,,,,,,,,,,,,,,,,,,,,,,,,,,,,,,,,,,,,,,,,,,,,,,,,,,,,,,,,,,,,
"Malatya Camp, Malatya",38.33955,38.1516829,0,0,0,0,0,0,0,0,0,0,0,0,0,0,0,0,0,0,0,0,0,0,0,0,0,0,0,3419,5781,6491,6609,7088,7114,7205,7250,7183,7183,7183,7302,7453,7453,7453,7425,7411,7537,7736,7684,7670,7660,7660,7660,7660,7660,7660,7660,7660,7660,7660,,,,,,,,,,,,,,,,,,,,,,,,,,,,,,,,,,,,,,,,,,,,,,,,,,,,,,,,,,,,,,,,,,,,,,,,,,,,,,,,,,,,,,,,,,,,,,,,,,,,,,,,,,,,,,,,,,,,,,,,,,,,,,,,,,,,,,,,,,,
"Midyat Camp, Mardin",37.414429,41.406834,0,0,0,0,0,0,0,0,0,0,0,0,0,0,0,0,0,0,0,0,0,0,0,0,0,0,0,0,0,0,0,0,0,0,3216,3244,3244,3244,2881,2889,2889,2889,2900,2872,2894,2932,3014,3024,3019,3019,3019,3019,3019,3019,3019,3019,3019,3019,,,,,,,,,,,,,,,,,,,,,,,,,,,,,,,,,,,,,,,,,,,,,,,,,,,,,,,,,,,,,,,,,,,,,,,,,,,,,,,,,,,,,,,,,,,,,,,,,,,,,,,,,,,,,,,,,,,,,,,,,,,,,,,,,,,,,,,,,,,
"Nizip 2, Gaziantep",37.042958,37.903425,0,0,0,0,0,0,0,0,0,0,0,0,0,0,0,0,0,0,0,0,0,0,0,1700,3137,4958,4820,5086,5166,5164,5138,5104,5093,5124,5190,5215,5215,5215,5161,5161,5161,5161,5066,5045,5058,5083,5063,5073,5020,5020,5020,5020,5020,5020,5020,5020,5020,5020,,,,,,,,,,,,,,,,,,,,,,,,,,,,,,,,,,,,,,,,,,,,,,,,,,,,,,,,,,,,,,,,,,,,,,,,,,,,,,,,,,,,,,,,,,,,,,,,,,,,,,,,,,,,,,,,,,,,,,,,,,,,,,,,,,,,,,,,,,,
"Nizip, Gaziantep",37.045096,37.8884549,0,0,0,0,0,0,0,0,0,0,0,0,0,0,0,0,0,0,0,6065,8798,10541,19096,13622,9944,10147,10612,10655,10797,11087,11249,11530,11624,11128,11167,11144,11144,11144,10766,10599,10599,10599,10730,10617,10678,10744,10545,10636,10616,10616,10616,10616,10616,10616,10616,10616,10616,10616,,,,,,,,,,,,,,,,,,,,,,,,,,,,,,,,,,,,,,,,,,,,,,,,,,,,,,,,,,,,,,,,,,,,,,,,,,,,,,,,,,,,,,,,,,,,,,,,,,,,,,,,,,,,,,,,,,,,,,,,,,,,,,,,,,,,,,,,,,,
"Nusaybin Camp, Mardin",37.129665,41.184997,0,0,0,0,0,0,0,0,0,0,0,0,0,0,0,0,0,0,0,0,0,0,0,0,0,0,0,472,2365,2237,2913,3035,3107,3169,2107,3274,3274,3274,5096,5058,5058,5058,0,0,0,0,0,0,0,0,0,0,0,0,0,0,0,0,,,,,,,,,,,,,,,,,,,,,,,,,,,,,,,,,,,,,,,,,,,,,,,,,,,,,,,,,,,,,,,,,,,,,,,,,,,,,,,,,,,,,,,,,,,,,,,,,,,,,,,,,,,,,,,,,,,,,,,,,,,,,,,,,,,,,,,,,,,
"Oncupinar Camp, Kilis",36.650265,37.087379,0,0,0,0,0,0,0,0,0,0,0,0,0,0,0,10960,12032,12273,12938,12826,13731,13433,13556,13544,13398,13351,13478,13565,13614,13804,13953,14001,14037,14067,14032,14060,14060,14060,13988,13740,13740,13740,13475,13440,13298,13160,13046,12762,12605,12605,12605,12605,12605,12605,12605,12605,12605,12605,,,,,,,,,,,,,,,,,,,,,,,,,,,,,,,,,,,,,,,,,,,,,,,,,,,,,,,,,,,,,,,,,,,,,,,,,,,,,,,,,,,,,,,,,,,,,,,,,,,,,,,,,,,,,,,,,,,,,,,,,,,,,,,,,,,,,,,,,,,
"Osmaniye Camp, Osmaniye",37.08738,36.206913,0,0,0,0,0,0,0,0,0,0,0,0,0,0,0,0,0,0,6660,8530,7899,8297,7886,7939,7726,7703,7940,7941,8220,8564,8687,8739,8857,9098,9375,9278,9278,9278,9306,8835,8835,8835,7358,7478,7641,9105,9200,9213,9200,9200,9200,9200,9200,9200,9200,9200,9200,9200,,,,,,,,,,,,,,,,,,,,,,,,,,,,,,,,,,,,,,,,,,,,,,,,,,,,,,,,,,,,,,,,,,,,,,,,,,,,,,,,,,,,,,,,,,,,,,,,,,,,,,,,,,,,,,,,,,,,,,,,,,,,,,,,,,,,,,,,,,,
"Saricam, Adana",37.0019,35.5273,0,0,0,0,0,0,0,0,0,0,0,0,0,0,0,0,0,0,0,0,0,0,0,4863,8897,9253,9540,9731,10251,10279,10212,9945,11854,11847,11804,11728,11728,11728,11510,11391,11391,11391,11232,11135,11114,11134,11005,11006,10988,10988,10988,10988,10988,10988,10988,10988,10988,10988,,,,,,,,,,,,,,,,,,,,,,,,,,,,,,,,,,,,,,,,,,,,,,,,,,,,,,,,,,,,,,,,,,,,,,,,,,,,,,,,,,,,,,,,,,,,,,,,,,,,,,,,,,,,,,,,,,,,,,,,,,,,,,,,,,,,,,,,,,,
"Suruc Camp, Sanliurfa",37.045,38.478,0,0,0,0,0,0,0,0,0,0,0,0,0,0,0,0,0,0,0,0,0,0,0,0,0,0,0,0,0,0,0,0,0,0,0,0,0,0,0,0,0,0,0,0,0,0,4839,15114,21019,21019,21019,21019,21019,21019,21019,21019,21019,21019,,,,,,,,,,,,,,,,,,,,,,,,,,,,,,,,,,,,,,,,,,,,,,,,,,,,,,,,,,,,,,,,,,,,,,,,,,,,,,,,,,,,,,,,,,,,,,,,,,,,,,,,,,,,,,,,,,,,,,,,,,,,,,,,,,,,,,,,,,,
"Viransehir Camp, Sanliurfa",36.932683,40.023866,0,0,0,0,0,0,0,0,0,0,0,0,0,0,0,0,0,0,0,0,0,0,0,0,0,0,0,0,0,0,0,0,0,7811,10188,12537,12537,12537,12415,12326,12326,12326,20165,20034,19282,18910,18647,18110,17410,17410,17410,17410,17410,17410,17410,17410,17410,17410,,,,,,,,,,,,,,,,,,,,,,,,,,,,,,,,,,,,,,,,,,,,,,,,,,,,,,,,,,,,,,,,,,,,,,,,,,,,,,,,,,,,,,,,,,,,,,,,,,,,,,,,,,,,,,,,,,,,,,,,,,,,,,,,,,,,,,,,,,,
"Yayladagi Tekel, Hatay",35.905803,36.048908,0,0,0,0,0,2498,2609,2706,2666,2750,2809,2855,2926,2926,2981,3027,3097,3240,3227,2259,2259,2686,2749,2823,2926,2926,2981,3027,3097,3240,3227,3258,2770,2769,2775,2785,2785,2785,2800,2800,2800,2800,2808,2815,2825,2833,2795,2830,2833,2833,2833,2833,2833,2833,2833,2833,2833,2833,,,,,,,,,,,,,,,,,,,,,,,,,,,,,,,,,,,,,,,,,,,,,,,,,,,,,,,,,,,,,,,,,,,,,,,,,,,,,,,,,,,,,,,,,,,,,,,,,,,,,,,,,,,,,,,,,,,,,,,,,,,,,,,,,,,,,,,,,,,
"Yayladagi Yibo, Hatay",35.907401,36.053859,0,0,0,0,0,2823,2964,3159,3343,3347,3395,3436,3470,3486,3499,3504,3516,3524,3531,2805,2805,3347,3351,3405,3470,3486,3499,3504,3516,3524,3531,3476,2921,2913,2905,2917,2917,2917,2940,2960,2960,2960,3001,3003,3009,3021,3038,3050,3062,3062,3062,3062,3062,3062,3062,3062,3062,3062,,,,,,,,,,,,,,,,,,,,,,,,,,,,,,,,,,,,,,,,,,,,,,,,,,,,,,,,,,,,,,,,,,,,,,,,,,,,,,,,,,,,,,,,,,,,,,,,,,,,,,,,,,,,,,,,,,,,,,,,,,,,,,,,,,,,,,,,,,,
"Yayladagi, Hatay",35.90346,36.066599,0,252,252,252,252,0,0,0,0,0,0,0,0,0,0,0,0,0,0,0,0,0,0,0,0,0,0,0,0,0,0,0,0,0,0,0,0,0,0,0,0,0,0,0,0,0,0,0,0,0,0,0,0,0,0,0,0,0,,,,,,,,,,,,,,,,,,,,,,,,,,,,,,,,,,,,,,,,,,,,,,,,,,,,,,,,,,,,,,,,,,,,,,,,,,,,,,,,,,,,,,,,,,,,,,,,,,,,,,,,,,,,,,,,,,,,,,,,,,,,,,,,,,,,,,,,,,,
"Elbeyli Camp, Kilis",36.712723,37.455127,0,0,0,0,0,0,0,0,0,0,0,0,0,0,0,0,0,0,0,0,0,0,0,0,0,0,0,13565,13614,13804,13953,14001,14037,14067,23242,23438,23438,23438,23701,23995,23995,23995,24174,24161,24207,24245,24331,24307,24297,24297,24297,24297,24297,24297,24297,24297,24297,24297,,,,,,,,,,,,,,,,,,,,,,,,,,,,,,,,,,,,,,,,,,,,,,,,,,,,,,,,,,,,,,,,,,,,,,,,,,,,,,,,,,,,,,,,,,,,,,,,,,,,,,,,,,,,,,,,,,,,,,,,,,,,,,,,,,,,,,,,,,,
"Islahiye 2, Gaziantep",36.933755,36.570628,0,0,0,0,0,0,0,0,0,0,0,0,0,0,0,0,0,0,0,0,0,0,0,0,0,0,0,0,0,0,0,0,0,0,0,7669,7669,7669,0,0,0,0,0,0,0,2309,8543,8871,9628,9628,9628,9628,9628,9628,9628,9628,9628,9628,,,,,,,,,,,,,,,,,,,,,,,,,,,,,,,,,,,,,,,,,,,,,,,,,,,,,,,,,,,,,,,,,,,,,,,,,,,,,,,,,,,,,,,,,,,,,,,,,,,,,,,,,,,,,,,,,,,,,,,,,,,,,,,,,,,,,,,,,,,
"Islahiye, Gaziantep",36.98677,36.616805,0,0,0,0,0,0,0,0,0,0,0,0,0,0,0,5886,7502,8206,7805,8206,8467,8600,8739,8975,8880,8511,8830,9000,9061,9159,9360,9664,9718,9779,10036,9996,9996,9996,9906,9977,9977,9977,10055,9886,9945,10009,9642,9457,9418,9418,9418,9418,9418,9418,9418,9418,9418,9418,,,,,,,,,,,,,,,,,,,,,,,,,,,,,,,,,,,,,,,,,,,,,,,,,,,,,,,,,,,,,,,,,,,,,,,,,,,,,,,,,,,,,,,,,,,,,,,,,,,,,,,,,,,,,,,,,,,,,,,,,,,,,,,,,,,,,,,,,,,
